feature,coefficient,absolute_coefficient,direction
categorical__deposit_type_Non Refund,2.9296577269949275,2.9296577269949275,higher cancellation score
categorical__agent_89,-2.783723632676571,2.783723632676571,lower cancellation score
categorical__agent_152,-2.7445873489659975,2.7445873489659975,lower cancellation score
categorical__agent_17,2.5826589092873866,2.5826589092873866,higher cancellation score
categorical__agent_11,-2.566354710027059,2.566354710027059,lower cancellation score
numeric__required_car_parking_spaces,-2.2907993650848786,2.2907993650848786,lower cancellation score
categorical__agent_69,-2.1381714327259984,2.1381714327259984,lower cancellation score
categorical__agent_201,-2.1146855751190543,2.1146855751190543,lower cancellation score
categorical__agent_308,-2.0613795459023083,2.0613795459023083,lower cancellation score
categorical__agent_468,-2.0383076160430624,2.0383076160430624,lower cancellation score
categorical__agent_467,-2.0298521355809145,2.0298521355809145,lower cancellation score
categorical__agent_22,-2.0072967775395094,2.0072967775395094,lower cancellation score
categorical__agent_157,-2.0004519651931694,2.0004519651931694,lower cancellation score
categorical__country_PAN,-1.9983391303252591,1.9983391303252591,lower cancellation score
categorical__agent_7,-1.9981145172276547,1.9981145172276547,lower cancellation score
categorical__agent_168,-1.994838838153526,1.994838838153526,lower cancellation score
categorical__agent_220,-1.9939826950483652,1.9939826950483652,lower cancellation score
categorical__agent_159,-1.9498694296503234,1.9498694296503234,lower cancellation score
categorical__agent_127,-1.937058591305595,1.937058591305595,lower cancellation score
categorical__agent_10,-1.9228872347568116,1.9228872347568116,lower cancellation score
categorical__country_HKG,1.920046786618005,1.920046786618005,higher cancellation score
categorical__agent_28,-1.9083749602732971,1.9083749602732971,lower cancellation score
categorical__country_ARE,1.9037898216840448,1.9037898216840448,higher cancellation score
categorical__agent_27,-1.8857816021825289,1.8857816021825289,lower cancellation score
categorical__agent_63,-1.8755849093062913,1.8755849093062913,lower cancellation score
numeric__previous_cancellation_share,1.8686691430325724,1.8686691430325724,higher cancellation score
categorical__agent_36,-1.805952097807814,1.805952097807814,lower cancellation score
categorical__agent_23,-1.774898070985919,1.774898070985919,lower cancellation score
categorical__country_PRT,1.7731948344041226,1.7731948344041226,higher cancellation score
categorical__agent_79,-1.7725005232918138,1.7725005232918138,lower cancellation score
categorical__country_NGA,1.7473504446835235,1.7473504446835235,higher cancellation score
categorical__country_SRB,-1.695590426008162,1.695590426008162,lower cancellation score
categorical__country_AGO,1.6934941993878676,1.6934941993878676,higher cancellation score
categorical__agent_16,-1.6758509241044097,1.6758509241044097,lower cancellation score
categorical__agent_5,-1.6529084397199159,1.6529084397199159,lower cancellation score
categorical__agent_241,-1.6496409760759374,1.6496409760759374,lower cancellation score
categorical__agent_75,-1.6265958984951345,1.6265958984951345,lower cancellation score
categorical__country_IDN,1.611879018043078,1.611879018043078,higher cancellation score
categorical__meal_Undefined,-1.6004374040568279,1.6004374040568279,lower cancellation score
categorical__country_LTU,-1.58468344589091,1.58468344589091,lower cancellation score
categorical__agent_40,-1.579822494369028,1.579822494369028,lower cancellation score
categorical__country_ISL,-1.5686726156047859,1.5686726156047859,lower cancellation score
categorical__agent_26,-1.5639094253065866,1.5639094253065866,lower cancellation score
categorical__agent_32,-1.545308627839195,1.545308627839195,lower cancellation score
categorical__agent_314,-1.4787281711107434,1.4787281711107434,lower cancellation score
categorical__agent_134,1.4738255906683693,1.4738255906683693,higher cancellation score
categorical__deposit_type_Refundable,-1.4600918330585784,1.4600918330585784,lower cancellation score
categorical__country_MAC,1.4579386872731337,1.4579386872731337,higher cancellation score
categorical__agent_132,-1.4576544668720224,1.4576544668720224,lower cancellation score
categorical__agent_191,1.4566180631575179,1.4566180631575179,higher cancellation score
categorical__agent_121,-1.4393822893892128,1.4393822893892128,lower cancellation score
categorical__agent_288,-1.4269580249927014,1.4269580249927014,lower cancellation score
categorical__agent_173,-1.4151268104372505,1.4151268104372505,lower cancellation score
categorical__agent_251,-1.4117684506572687,1.4117684506572687,lower cancellation score
categorical__agent_243,-1.3979818032309117,1.3979818032309117,lower cancellation score
categorical__agent_82,-1.3805752931684074,1.3805752931684074,lower cancellation score
categorical__country_SAU,1.3675729870542057,1.3675729870542057,higher cancellation score
categorical__agent_104,-1.3655538785283676,1.3655538785283676,lower cancellation score
categorical__agent_464,-1.328480059652372,1.328480059652372,lower cancellation score
categorical__agent_305,-1.3213758464704854,1.3213758464704854,lower cancellation score
categorical__agent_281,1.3130387310461993,1.3130387310461993,higher cancellation score
categorical__agent_29,-1.3127714302519935,1.3127714302519935,lower cancellation score
categorical__agent_143,-1.2898774037870828,1.2898774037870828,lower cancellation score
categorical__country_NZL,-1.289014124776012,1.289014124776012,lower cancellation score
missing__missingindicator_children,1.2875949044694734,1.2875949044694734,higher cancellation score
missing__missingindicator_total_guests,1.2875949044694734,1.2875949044694734,higher cancellation score
categorical__distribution_channel_Undefined,1.2875069510325803,1.2875069510325803,higher cancellation score
categorical__agent_364,-1.2872893098304588,1.2872893098304588,lower cancellation score
categorical__agent_83,-1.2773001009586342,1.2773001009586342,lower cancellation score
categorical__agent_215,-1.2693703907362757,1.2693703907362757,lower cancellation score
categorical__agent_196,-1.257380407381218,1.257380407381218,lower cancellation score
categorical__agent_37,-1.2537652587269976,1.2537652587269976,lower cancellation score
categorical__deposit_type_No Deposit,-1.2504300415216225,1.2504300415216225,lower cancellation score
categorical__agent_91,-1.2471421397923903,1.2471421397923903,lower cancellation score
categorical__agent_138,-1.2435707632694812,1.2435707632694812,lower cancellation score
categorical__agent_77,-1.242379707512427,1.242379707512427,lower cancellation score
categorical__agent_332,1.2415365068660074,1.2415365068660074,higher cancellation score
categorical__country_TJK,1.2247867332381734,1.2247867332381734,higher cancellation score
categorical__country_JPN,-1.2229020164817772,1.2229020164817772,lower cancellation score
categorical__agent_181,-1.2069521734281448,1.2069521734281448,lower cancellation score
categorical__agent_85,-1.1753916825232982,1.1753916825232982,lower cancellation score
categorical__agent_30,-1.16011060063612,1.16011060063612,lower cancellation score
categorical__agent_171,-1.1384683198332333,1.1384683198332333,lower cancellation score
categorical__agent_8,-1.136703623065819,1.136703623065819,lower cancellation score
categorical__country_MYS,-1.1319001696194255,1.1319001696194255,lower cancellation score
categorical__agent_493,-1.1162278366020209,1.1162278366020209,lower cancellation score
categorical__agent_15,-1.1134973534000583,1.1134973534000583,lower cancellation score
categorical__agent_42,-1.1049587129979286,1.1049587129979286,lower cancellation score
categorical__country_DEU,-1.0962098731120375,1.0962098731120375,lower cancellation score
categorical__agent_527,-1.0956263081602557,1.0956263081602557,lower cancellation score
categorical__agent_115,-1.0864037622611522,1.0864037622611522,lower cancellation score
categorical__country_LVA,-1.068300151783157,1.068300151783157,lower cancellation score
categorical__country_BGR,-1.0682678381662525,1.0682678381662525,lower cancellation score
categorical__country_MEX,-1.063304476316761,1.063304476316761,lower cancellation score
categorical__agent_214,1.0569255249888745,1.0569255249888745,higher cancellation score
categorical__agent_253,-1.0568171928915675,1.0568171928915675,lower cancellation score
categorical__country_BEL,-1.0533476666227874,1.0533476666227874,lower cancellation score
categorical__country_AUT,-1.0473227008808843,1.0473227008808843,lower cancellation score
categorical__country_CYP,-1.0413320244062154,1.0413320244062154,lower cancellation score
categorical__country_DNK,-1.0393774987462474,1.0393774987462474,lower cancellation score
categorical__country_NLD,-1.0270683042126307,1.0270683042126307,lower cancellation score
categorical__agent_187,-1.0185955072052402,1.0185955072052402,lower cancellation score
categorical__agent_205,-1.0079150933229781,1.0079150933229781,lower cancellation score
categorical__agent_141,-1.0036266400048446,1.0036266400048446,lower cancellation score
categorical__agent_38,0.9842571342691698,0.9842571342691698,higher cancellation score
categorical__country_MDV,0.9779599994660851,0.9779599994660851,higher cancellation score
categorical__country_GEO,0.9777219416237476,0.9777219416237476,higher cancellation score
categorical__country_NOR,-0.9688778170834728,0.9688778170834728,lower cancellation score
categorical__country_POL,-0.9674538585264549,0.9674538585264549,lower cancellation score
categorical__agent_4,-0.9647314909997132,0.9647314909997132,lower cancellation score
categorical__agent_348,-0.9569797944278405,0.9569797944278405,lower cancellation score
categorical__agent_261,-0.9568339063922686,0.9568339063922686,lower cancellation score
categorical__agent_385,0.9444306753290509,0.9444306753290509,higher cancellation score
categorical__country_FIN,-0.9438768382667224,0.9438768382667224,lower cancellation score
categorical__agent_95,-0.9404959963013403,0.9404959963013403,lower cancellation score
categorical__country_HRV,-0.9350572194831216,0.9350572194831216,lower cancellation score
categorical__agent_103,-0.9268063752517925,0.9268063752517925,lower cancellation score
categorical__agent_339,-0.9149438478947476,0.9149438478947476,lower cancellation score
categorical__agent_418,-0.9036526016771043,0.9036526016771043,lower cancellation score
categorical__country_FRA,-0.9021969041775761,0.9021969041775761,lower cancellation score
categorical__agent_24,-0.8963342734274647,0.8963342734274647,lower cancellation score
categorical__agent_88,-0.8663908986436253,0.8663908986436253,lower cancellation score
categorical__country_BGD,0.8623347747110885,0.8623347747110885,higher cancellation score
categorical__agent_128,-0.8565376070314419,0.8565376070314419,lower cancellation score
categorical__agent_378,-0.8543064897319387,0.8543064897319387,lower cancellation score
categorical__country_CMR,-0.8498842716023062,0.8498842716023062,lower cancellation score
categorical__agent_298,-0.8309528394514538,0.8309528394514538,lower cancellation score
categorical__country_GGY,0.8291614622786246,0.8291614622786246,higher cancellation score
categorical__agent_430,-0.8278730532174615,0.8278730532174615,lower cancellation score
categorical__country_SWE,-0.82638019573149,0.82638019573149,lower cancellation score
categorical__country_IRL,-0.8235457799014495,0.8235457799014495,lower cancellation score
categorical__country_PAK,0.8192805344899626,0.8192805344899626,higher cancellation score
categorical__country_QAT,0.8133591376243486,0.8133591376243486,higher cancellation score
categorical__agent_306,-0.8128916820577462,0.8128916820577462,lower cancellation score
categorical__agent_359,-0.8112719249344102,0.8112719249344102,lower cancellation score
categorical__agent_56,0.7935727166909581,0.7935727166909581,higher cancellation score
categorical__country_ZAF,0.7898137749976366,0.7898137749976366,higher cancellation score
categorical__country_GBR,-0.7811622868562981,0.7811622868562981,lower cancellation score
categorical__agent_96,-0.7802534884400669,0.7802534884400669,lower cancellation score
categorical__agent_57,-0.7800720205918342,0.7800720205918342,lower cancellation score
categorical__agent_336,-0.7767338793789957,0.7767338793789957,lower cancellation score
log_numeric__lead_time,0.7760083157376232,0.7760083157376232,higher cancellation score
categorical__agent_393,0.7738416516196328,0.7738416516196328,higher cancellation score
categorical__country_CUB,-0.7727734634274382,0.7727734634274382,lower cancellation score
categorical__country_EST,-0.7707048319086249,0.7707048319086249,lower cancellation score
categorical__agent_192,0.7700081063728115,0.7700081063728115,higher cancellation score
categorical__agent_111,-0.7668589264291223,0.7668589264291223,lower cancellation score
categorical__agent_354,-0.7592736334544797,0.7592736334544797,lower cancellation score
categorical__market_segment_Undefined,0.7592275861392699,0.7592275861392699,higher cancellation score
categorical__agent_151,-0.7590212874384855,0.7590212874384855,lower cancellation score
categorical__agent_72,-0.7508168613276252,0.7508168613276252,lower cancellation score
categorical__market_segment_Offline TA/TO,-0.7503281403224842,0.7503281403224842,lower cancellation score
categorical__country_SEN,0.7452971175668553,0.7452971175668553,higher cancellation score
categorical__agent_44,-0.7420860784722197,0.7420860784722197,lower cancellation score
categorical__country_GNB,-0.7408586486708114,0.7408586486708114,lower cancellation score
categorical__country_CHE,-0.7395868498364216,0.7395868498364216,lower cancellation score
categorical__country_JEY,0.738859361626856,0.738859361626856,higher cancellation score
categorical__agent_98,-0.7375469994748138,0.7375469994748138,lower cancellation score
categorical__agent_360,-0.7343312595908926,0.7343312595908926,lower cancellation score
categorical__country_CRI,-0.7276389504188652,0.7276389504188652,lower cancellation score
categorical__country_IRQ,-0.7232620763824408,0.7232620763824408,lower cancellation score
categorical__agent_45,0.7220331658117909,0.7220331658117909,higher cancellation score
categorical__agent_156,-0.7163574709391436,0.7163574709391436,lower cancellation score
categorical__agent_52,-0.7132451177605208,0.7132451177605208,lower cancellation score
categorical__agent_1,-0.7127075762527939,0.7127075762527939,lower cancellation score
categorical__customer_type_Transient,0.70762223205827,0.70762223205827,higher cancellation score
categorical__country_VEN,0.7061960031419235,0.7061960031419235,higher cancellation score
categorical__agent_330,-0.7045803167082365,0.7045803167082365,lower cancellation score
categorical__country_TZA,0.7042726508603246,0.7042726508603246,higher cancellation score
categorical__agent_242,-0.700593674213486,0.700593674213486,lower cancellation score
categorical__country_LKA,-0.6974364837400399,0.6974364837400399,lower cancellation score
numeric__total_of_special_requests,-0.6911446289174429,0.6911446289174429,lower cancellation score
categorical__country_PRI,0.691116232236989,0.691116232236989,higher cancellation score
categorical__agent_184,-0.6855584323056881,0.6855584323056881,lower cancellation score
categorical__agent_66,-0.6838290255763684,0.6838290255763684,lower cancellation score
categorical__country_LBY,-0.681718326117453,0.681718326117453,lower cancellation score
categorical__agent_245,-0.681309122402606,0.681309122402606,lower cancellation score
categorical__agent_35,-0.6807789684334148,0.6807789684334148,lower cancellation score
categorical__agent_146,-0.673873641827856,0.673873641827856,lower cancellation score
categorical__country_AND,0.6733521221710566,0.6733521221710566,higher cancellation score
categorical__agent_175,-0.6699027555725985,0.6699027555725985,lower cancellation score
categorical__agent_147,-0.6690452528494443,0.6690452528494443,lower cancellation score
categorical__country_CPV,0.6667131224252179,0.6667131224252179,higher cancellation score
categorical__agent_19,-0.6577418403607952,0.6577418403607952,lower cancellation score
categorical__country_LBN,-0.6451625228506611,0.6451625228506611,lower cancellation score
categorical__country_Unknown,0.6378425908866625,0.6378425908866625,higher cancellation score
categorical__agent_344,-0.635276476122333,0.635276476122333,lower cancellation score
categorical__agent_126,0.6296814969943582,0.6296814969943582,higher cancellation score
categorical__agent_68,0.6212582126609966,0.6212582126609966,higher cancellation score
categorical__country_AUS,-0.6112446161951264,0.6112446161951264,lower cancellation score
categorical__country_TUN,0.6107532790344933,0.6107532790344933,higher cancellation score
categorical__agent_78,-0.5951718715145804,0.5951718715145804,lower cancellation score
categorical__country_CN,-0.5833705981658533,0.5833705981658533,lower cancellation score
categorical__market_segment_Aviation,0.5777194702792865,0.5777194702792865,higher cancellation score
categorical__agent_6,-0.5752265819110632,0.5752265819110632,lower cancellation score
categorical__agent_177,-0.5740921521130429,0.5740921521130429,lower cancellation score
categorical__country_CZE,-0.5736139607880932,0.5736139607880932,lower cancellation score
categorical__agent_236,0.5733279317063611,0.5733279317063611,higher cancellation score
categorical__agent_223,-0.5682626827694779,0.5682626827694779,lower cancellation score
categorical__agent_249,-0.5671104456174111,0.5671104456174111,lower cancellation score
categorical__country_ROU,-0.5658253239814948,0.5658253239814948,lower cancellation score
categorical__distribution_channel_Direct,-0.5632895497515803,0.5632895497515803,lower cancellation score
categorical__agent_86,-0.562488848765074,0.562488848765074,lower cancellation score
categorical__agent_420,-0.5483508875019556,0.5483508875019556,lower cancellation score
numeric__has_booking_history,-0.5479233657027551,0.5479233657027551,lower cancellation score
categorical__country_GTM,-0.5472103706090048,0.5472103706090048,lower cancellation score
categorical__agent_3,-0.5445606979160083,0.5445606979160083,lower cancellation score
categorical__agent_34,-0.535343993543383,0.535343993543383,lower cancellation score
categorical__agent_47,-0.5291201043663201,0.5291201043663201,lower cancellation score
categorical__agent_13,0.526106784163471,0.526106784163471,higher cancellation score
categorical__country_ALB,-0.519494443118208,0.519494443118208,lower cancellation score
categorical__market_segment_Direct,-0.5176928106156923,0.5176928106156923,lower cancellation score
categorical__country_SUR,-0.5127343760594519,0.5127343760594519,lower cancellation score
categorical__agent_326,0.5123265078477736,0.5123265078477736,higher cancellation score
categorical__agent_94,0.5107958982259718,0.5107958982259718,higher cancellation score
categorical__country_PRY,-0.5096412931051938,0.5096412931051938,lower cancellation score
categorical__agent_252,-0.49728097577617875,0.49728097577617875,lower cancellation score
categorical__country_JOR,-0.4941267882632578,0.4941267882632578,lower cancellation score
categorical__agent_163,-0.4876768587812324,0.4876768587812324,lower cancellation score
categorical__agent_328,-0.46826129524335885,0.46826129524335885,lower cancellation score
categorical__country_RWA,-0.46333471195867276,0.46333471195867276,lower cancellation score
categorical__country_KAZ,-0.46272131814680095,0.46272131814680095,lower cancellation score
categorical__agent_283,-0.46174841765109415,0.46174841765109415,lower cancellation score
categorical__country_JAM,-0.4549074308208561,0.4549074308208561,lower cancellation score
categorical__country_CIV,-0.4548632280897637,0.4548632280897637,lower cancellation score
categorical__country_BOL,-0.446077372558966,0.446077372558966,lower cancellation score
categorical__agent_195,-0.44511365498211714,0.44511365498211714,lower cancellation score
numeric__arrival_date_year,0.44403113140421585,0.44403113140421585,higher cancellation score
categorical__agent_481,-0.4437446190776208,0.4437446190776208,lower cancellation score
categorical__country_OMN,0.44058221962277627,0.44058221962277627,higher cancellation score
categorical__agent_269,-0.4391043072266364,0.4391043072266364,lower cancellation score
categorical__agent_411,-0.4309434128743043,0.4309434128743043,lower cancellation score
categorical__country_ARG,-0.4297134002782745,0.4297134002782745,lower cancellation score
categorical__agent_410,0.42401920835926554,0.42401920835926554,higher cancellation score
categorical__country_URY,-0.42015781735511276,0.42015781735511276,lower cancellation score
categorical__market_segment_Online TA,0.41704494622294674,0.41704494622294674,higher cancellation score
categorical__country_UZB,0.41579732211493803,0.41579732211493803,higher cancellation score
categorical__agent_53,-0.4149308337882526,0.4149308337882526,lower cancellation score
categorical__country_IND,-0.4140550652391078,0.4140550652391078,lower cancellation score
categorical__agent_9,0.40863850938318264,0.40863850938318264,higher cancellation score
categorical__agent_291,0.40362321438070103,0.40362321438070103,higher cancellation score
categorical__agent_12,-0.403229799592356,0.403229799592356,lower cancellation score
categorical__country_USA,-0.39804616762697576,0.39804616762697576,lower cancellation score
categorical__agent_436,-0.39740555656665727,0.39740555656665727,lower cancellation score
categorical__agent_74,-0.3957369989069644,0.3957369989069644,lower cancellation score
categorical__agent_185,0.3906935188257062,0.3906935188257062,higher cancellation score
categorical__country_CHN,0.39052095271183435,0.39052095271183435,higher cancellation score
categorical__agent_58,0.38105377518433575,0.38105377518433575,higher cancellation score
categorical__agent_441,-0.37981753694691,0.37981753694691,lower cancellation score
categorical__agent_193,-0.37954365945363205,0.37954365945363205,lower cancellation score
categorical__meal_HB,-0.3789122220992811,0.3789122220992811,lower cancellation score
categorical__country_KHM,0.37247782839199184,0.37247782839199184,higher cancellation score
categorical__country_UGA,-0.3695167747112648,0.3695167747112648,lower cancellation score
categorical__agent_112,-0.36836258427969487,0.36836258427969487,lower cancellation score
categorical__agent_290,-0.3682865804289636,0.3682865804289636,lower cancellation score
categorical__agent_71,-0.3635269920713206,0.3635269920713206,lower cancellation score
categorical__country_ATA,-0.3627353054055547,0.3627353054055547,lower cancellation score
categorical__country_MUS,-0.3559019087715558,0.3559019087715558,lower cancellation score
categorical__reserved_room_type_B,-0.35436389589295647,0.35436389589295647,lower cancellation score
categorical__country_THA,0.35396595451121443,0.35396595451121443,higher cancellation score
categorical__agent_461,-0.352115817595496,0.352115817595496,lower cancellation score
categorical__agent_150,-0.34815281005220194,0.34815281005220194,lower cancellation score
categorical__agent_258,-0.3465505810822136,0.3465505810822136,lower cancellation score
categorical__country_IMN,0.34120182924794573,0.34120182924794573,higher cancellation score
categorical__country_HND,0.3337528442607515,0.3337528442607515,higher cancellation score
categorical__agent_20,-0.3313454363793338,0.3313454363793338,lower cancellation score
categorical__agent_404,-0.32991508149617094,0.32991508149617094,lower cancellation score
categorical__agent_107,0.32987562789838715,0.32987562789838715,higher cancellation score
categorical__agent_455,-0.32956791926802687,0.32956791926802687,lower cancellation score
categorical__customer_type_Transient-Party,-0.3287863459639651,0.3287863459639651,lower cancellation score
categorical__country_AZE,0.32719448986279087,0.32719448986279087,higher cancellation score
categorical__agent_510,-0.32078332077831595,0.32078332077831595,lower cancellation score
categorical__agent_303,-0.3207319904276954,0.3207319904276954,lower cancellation score
categorical__country_MNE,-0.319510416043596,0.319510416043596,lower cancellation score
categorical__reserved_room_type_A,-0.3164148840185523,0.3164148840185523,lower cancellation score
categorical__agent_262,0.3076017609756807,0.3076017609756807,higher cancellation score
categorical__agent_350,-0.30448656661414913,0.30448656661414913,lower cancellation score
categorical__agent_67,0.304474226563821,0.304474226563821,higher cancellation score
categorical__country_GLP,0.303752555985625,0.303752555985625,higher cancellation score
categorical__agent_2,-0.30339176545276947,0.30339176545276947,lower cancellation score
categorical__agent_526,-0.30242443333481156,0.30242443333481156,lower cancellation score
categorical__country_CHL,-0.3017130710627599,0.3017130710627599,lower cancellation score
categorical__country_ITA,-0.2958475272430128,0.2958475272430128,lower cancellation score
categorical__agent_174,-0.28557119283548243,0.28557119283548243,lower cancellation score
log_numeric__total_nights,0.28392627215483546,0.28392627215483546,higher cancellation score
categorical__agent_334,0.2835819200489149,0.2835819200489149,higher cancellation score
categorical__agent_248,0.27975000734533984,0.27975000734533984,higher cancellation score
categorical__agent_180,-0.27915263959466097,0.27915263959466097,lower cancellation score
categorical__agent_119,-0.27876813817184903,0.27876813817184903,lower cancellation score
categorical__agent_148,-0.27819669866380603,0.27819669866380603,lower cancellation score
categorical__agent_256,0.27723646482476083,0.27723646482476083,higher cancellation score
categorical__agent_208,0.2770520708256778,0.2770520708256778,higher cancellation score
categorical__country_GRC,-0.27700232150715187,0.27700232150715187,lower cancellation score
categorical__agent_335,-0.2767416012554556,0.2767416012554556,lower cancellation score
categorical__agent_307,0.27638744004597626,0.27638744004597626,higher cancellation score
categorical__agent_155,0.2758101066805163,0.2758101066805163,higher cancellation score
categorical__agent_139,0.2700793073177489,0.2700793073177489,higher cancellation score
categorical__agent_327,-0.26951727010779475,0.26951727010779475,lower cancellation score
categorical__agent_33,-0.26383299428545615,0.26383299428545615,lower cancellation score
categorical__customer_type_Contract,-0.2618684210329136,0.2618684210329136,lower cancellation score
categorical__country_BRB,-0.26091220545691196,0.26091220545691196,lower cancellation score
categorical__country_MOZ,-0.2556114006106314,0.2556114006106314,lower cancellation score
categorical__distribution_channel_GDS,-0.2487764958184208,0.2487764958184208,lower cancellation score
categorical__market_segment_Corporate,-0.24576132601210296,0.24576132601210296,lower cancellation score
categorical__agent_440,0.2436475596487961,0.2436475596487961,higher cancellation score
categorical__agent_122,-0.2321255668188111,0.2321255668188111,lower cancellation score
categorical__agent_296,-0.2285679044543549,0.2285679044543549,lower cancellation score
categorical__agent_93,0.2268806321978349,0.2268806321978349,higher cancellation score
categorical__country_NIC,0.2261359189847368,0.2261359189847368,higher cancellation score
categorical__country_SVN,0.22453443308645452,0.22453443308645452,higher cancellation score
categorical__agent_387,0.2239556878742651,0.2239556878742651,higher cancellation score
categorical__reserved_room_type_C,-0.22285738716064787,0.22285738716064787,lower cancellation score
categorical__distribution_channel_Corporate,-0.2196538701945163,0.2196538701945163,lower cancellation score
categorical__country_CAF,-0.21924856146010674,0.21924856146010674,lower cancellation score
categorical__agent_92,-0.21650559046871226,0.21650559046871226,lower cancellation score
categorical__reserved_room_type_D,-0.2128438142269911,0.2128438142269911,lower cancellation score
categorical__reserved_room_type_F,-0.2127234064594044,0.2127234064594044,lower cancellation score
categorical__agent_427,-0.20654104341724427,0.20654104341724427,lower cancellation score
numeric__company_code_recorded,-0.20614502923548375,0.20614502923548375,lower cancellation score
categorical__agent_154,-0.19850461855090226,0.19850461855090226,lower cancellation score
categorical__hotel_City Hotel,0.19211315242125673,0.19211315242125673,higher cancellation score
categorical__meal_BB,-0.19086988457662504,0.19086988457662504,lower cancellation score
categorical__agent_167,-0.1908221248193703,0.1908221248193703,lower cancellation score
categorical__agent_390,-0.18588267000073636,0.18588267000073636,lower cancellation score
categorical__agent_64,0.18553965418535762,0.18553965418535762,higher cancellation score
categorical__agent_135,-0.18489787213361544,0.18489787213361544,lower cancellation score
numeric__arrival_date_week_number,0.17318003208402266,0.17318003208402266,higher cancellation score
categorical__agent_232,-0.1729563904739483,0.1729563904739483,lower cancellation score
categorical__agent_282,-0.1720256667761648,0.1720256667761648,lower cancellation score
categorical__agent_235,0.17050583677353784,0.17050583677353784,higher cancellation score
categorical__agent_31,-0.16905005672597048,0.16905005672597048,lower cancellation score
categorical__agent_227,-0.16744431862592557,0.16744431862592557,lower cancellation score
categorical__agent_363,-0.16190470330090584,0.16190470330090584,lower cancellation score
categorical__market_segment_Groups,-0.16014796496098674,0.16014796496098674,lower cancellation score
categorical__agent_310,-0.15871592966199935,0.15871592966199935,lower cancellation score
categorical__agent_NoAgent,-0.15696734157685063,0.15696734157685063,lower cancellation score
categorical__agent_375,0.15501560689262203,0.15501560689262203,higher cancellation score
categorical__agent_211,-0.15378082849864227,0.15378082849864227,lower cancellation score
categorical__agent_14,0.15103870417397122,0.15103870417397122,higher cancellation score
categorical__agent_438,-0.14917058306768408,0.14917058306768408,lower cancellation score
categorical__agent_21,-0.14788896004597946,0.14788896004597946,lower cancellation score
categorical__country_ISR,-0.1471751855007131,0.1471751855007131,lower cancellation score
categorical__market_segment_Complementary,0.13907409168117169,0.13907409168117169,higher cancellation score
categorical__country_IRN,-0.12753792524413388,0.12753792524413388,lower cancellation score
categorical__agent_41,0.12016446913810783,0.12016446913810783,higher cancellation score
categorical__country_BEN,0.11987237264074872,0.11987237264074872,higher cancellation score
categorical__agent_426,-0.11968404723181224,0.11968404723181224,lower cancellation score
log_numeric__adr,0.1185874548782839,0.1185874548782839,higher cancellation score
categorical__agent_275,-0.11667974956131204,0.11667974956131204,lower cancellation score
categorical__agent_210,0.10978705943180317,0.10978705943180317,higher cancellation score
categorical__agent_324,0.10778844133372888,0.10778844133372888,higher cancellation score
categorical__country_VGB,0.10534177953472461,0.10534177953472461,higher cancellation score
categorical__agent_60,0.10502820707851561,0.10502820707851561,higher cancellation score
categorical__customer_type_Group,0.10216838734513646,0.10216838734513646,higher cancellation score
categorical__agent_170,0.10211620113558127,0.10211620113558127,higher cancellation score
categorical__agent_325,-0.09344003114315658,0.09344003114315658,lower cancellation score
categorical__agent_61,-0.08519018333924105,0.08519018333924105,lower cancellation score
categorical__country_ZWE,-0.08197512868042983,0.08197512868042983,lower cancellation score
categorical__agent_229,0.08194196826537978,0.08194196826537978,higher cancellation score
categorical__country_TUR,0.0813007131881423,0.0813007131881423,higher cancellation score
categorical__agent_162,0.08042193358831919,0.08042193358831919,higher cancellation score
categorical__agent_295,-0.078573005479519,0.078573005479519,lower cancellation score
categorical__reserved_room_type_G,-0.07792561473926672,0.07792561473926672,lower cancellation score
numeric__stays_in_week_nights,-0.07789489747077191,0.07789489747077191,lower cancellation score
categorical__agent_25,-0.07715382097114787,0.07715382097114787,lower cancellation score
log_numeric__previous_bookings_not_canceled,0.07646697043661796,0.07646697043661796,higher cancellation score
numeric__arrival_month_sin,-0.07633383671662673,0.07633383671662673,lower cancellation score
categorical__country_RUS,-0.07587876051555682,0.07587876051555682,lower cancellation score
categorical__agent_454,-0.07551745179818581,0.07551745179818581,lower cancellation score
categorical__agent_55,0.07107504709767144,0.07107504709767144,higher cancellation score
categorical__country_ESP,-0.06961982956988506,0.06961982956988506,lower cancellation score
categorical__agent_370,-0.06838524127864667,0.06838524127864667,lower cancellation score
categorical__agent_371,-0.06213035816667783,0.06213035816667783,lower cancellation score
categorical__agent_495,0.06099498945123901,0.06099498945123901,higher cancellation score
categorical__country_DZA,-0.06048022876666358,0.06048022876666358,lower cancellation score
log_numeric__previous_bookings_total,-0.054479622334681836,0.054479622334681836,lower cancellation score
log_numeric__total_guests,0.053568351047880866,0.053568351047880866,higher cancellation score
categorical__agent_287,0.049399100763140996,0.049399100763140996,higher cancellation score
log_numeric__previous_cancellations,-0.04653708014152142,0.04653708014152142,lower cancellation score
categorical__agent_250,-0.04602102429733698,0.04602102429733698,lower cancellation score
numeric__is_repeated_guest,-0.045887509749341686,0.045887509749341686,lower cancellation score
categorical__reserved_room_type_E,-0.04510578878628061,0.04510578878628061,lower cancellation score
categorical__country_SYR,-0.040583357589434085,0.040583357589434085,lower cancellation score
categorical__agent_106,-0.03983580161163095,0.03983580161163095,lower cancellation score
categorical__meal_FB,-0.03783183549813407,0.03783183549813407,lower cancellation score
categorical__distribution_channel_TA/TO,-0.03665118285821831,0.03665118285821831,lower cancellation score
categorical__agent_257,0.0353477470314523,0.0353477470314523,higher cancellation score
categorical__agent_254,0.035187235160912884,0.035187235160912884,higher cancellation score
categorical__agent_129,-0.03350663567007076,0.03350663567007076,lower cancellation score
categorical__agent_182,0.031832927613548806,0.031832927613548806,higher cancellation score
categorical__country_UKR,-0.03017596173419818,0.03017596173419818,lower cancellation score
categorical__hotel_Resort Hotel,0.02702270000067776,0.02702270000067776,higher cancellation score
categorical__agent_492,0.026270553619680743,0.026270553619680743,higher cancellation score
categorical__agent_286,0.025232711862373563,0.025232711862373563,higher cancellation score
numeric__arrival_date_day_of_month,0.024778447525240898,0.024778447525240898,higher cancellation score
categorical__agent_384,-0.023088667347879382,0.023088667347879382,lower cancellation score
numeric__arrival_month_cos,0.023057166057008065,0.023057166057008065,higher cancellation score
categorical__agent_313,-0.020469706375151,0.020469706375151,lower cancellation score
numeric__stays_in_weekend_nights,-0.018976098981715355,0.018976098981715355,lower cancellation score
categorical__agent_414,-0.013750782562806558,0.013750782562806558,lower cancellation score
numeric__adults,0.012071537073776272,0.012071537073776272,higher cancellation score
numeric__babies,-0.00967267597307684,0.00967267597307684,lower cancellation score
categorical__agent_133,-0.0012108254685153502,0.0012108254685153502,lower cancellation score
categorical__agent_321,-9.552890304855425e-05,9.552890304855425e-05,lower cancellation score
categorical__agent_391,-9.137404536458296e-05,9.137404536458296e-05,lower cancellation score
categorical__country_MWI,-5.5175097438651094e-05,5.5175097438651094e-05,lower cancellation score
