fold,rank,feature,training_variance,f_score,selected
1,1,numeric__previous_cancellation_share,1.0000000000001181,16478.014429166877,True
1,2,numeric__has_booking_history,1.0000000000002558,12639.747791935668,True
1,3,categorical__deposit_type_Non Refund,0.13418501591096865,12024.443742490665,True
1,4,categorical__deposit_type_No Deposit,0.1342993940130747,11987.598984961487,True
1,5,log_numeric__previous_cancellations,1.0000000000000517,9243.021648328164,True
1,6,categorical__country_PRT,0.24054046150174654,7865.350426684682,True
1,7,log_numeric__previous_bookings_total,1.000000000000439,6356.698020761236,True
1,8,log_numeric__lead_time,1.0000000000000355,4869.495232860873,True
1,9,categorical__market_segment_Groups,0.19329969892188698,3072.4969568163083,True
1,10,categorical__agent_1,0.14613010745035135,2844.4761225007187,True
1,11,numeric__required_car_parking_spaces,1.0000000000006308,945.2097011390779,True
1,12,numeric__total_of_special_requests,0.9999999999997815,871.1345691776444,True
1,13,categorical__country_ESP,0.07973149307892552,841.2583809140277,True
1,14,categorical__hotel_City Hotel,0.23582242306264148,828.1888566349544,True
1,15,categorical__hotel_Resort Hotel,0.2358224230626901,828.1888566349544,True
1,16,categorical__country_FRA,0.057440678645479214,741.3790141638476,True
1,17,categorical__distribution_channel_TA/TO,0.16059404947551553,701.845130184025,True
1,18,categorical__reserved_room_type_A,0.15678483063123586,676.2022577738045,True
1,19,categorical__market_segment_Direct,0.0976484946794047,607.1669445936496,True
1,20,categorical__distribution_channel_Direct,0.11410535841083448,539.7973959231232,True
1,21,categorical__country_GBR,0.057366911727088715,536.1991468803508,True
1,22,categorical__agent_NoAgent,0.12458395499526724,460.93078856842766,True
1,23,numeric__arrival_month_cos,0.9999999999999144,431.89830955412657,True
1,24,categorical__reserved_room_type_D,0.0889999971728653,400.61085827643814,True
1,25,categorical__market_segment_Online TA,0.20649575548233448,392.20896503627347,True
1,26,categorical__country_DEU,0.02373881026844355,318.70134319097855,True
1,27,numeric__company_code_recorded,0.9999999999998975,222.23422978937094,True
1,28,categorical__market_segment_Corporate,0.053250698609746086,219.81754061592255,True
1,29,log_numeric__previous_bookings_not_canceled,1.0000000000000033,153.80046652272972,True
1,30,categorical__agent_28,0.013920068604823267,150.64455326769522,True
1,31,numeric__arrival_date_year,1.0000000000001628,146.89153097838727,True
1,32,categorical__meal_FB,0.015428562707255018,133.12637508302484,True
1,33,categorical__agent_96,0.006885571636288961,129.1910373861567,True
1,34,categorical__meal_SC,0.021896120628770513,124.13730166607557,True
1,35,numeric__adults,1.0000000000009024,123.60989729842616,True
1,36,categorical__country_NLD,0.009118148417362205,121.67354656320236,True
1,37,categorical__country_IRL,0.020931750698421875,118.08619166381663,True
1,38,categorical__distribution_channel_Corporate,0.06456511778428804,115.79377174306953,True
1,39,categorical__country_USA,0.008457717827106612,115.59482079431693,True
1,40,categorical__agent_6,0.04909097123945146,112.76488796937817,True
1,41,categorical__reserved_room_type_E,0.04194640486034921,105.73778718927389,True
1,42,categorical__agent_250,0.020690340361539782,103.20163757589233,True
1,43,log_numeric__total_guests,0.9999999999998179,98.01542620295359,True
1,44,categorical__agent_9,0.10071649849857743,91.86061405634707,True
1,45,categorical__agent_29,0.010436297241224858,90.21007665619304,True
1,46,categorical__agent_241,0.01400173243658001,89.21768033979423,True
1,47,categorical__country_BEL,0.009983591496033723,83.1511889284741,True
1,48,categorical__country_CHE,0.006056077878356619,82.2503924288349,True
1,49,categorical__agent_7,0.015224994690023296,75.75795961084948,True
1,50,categorical__country_BRA,0.00862291023581578,75.05473950930265,True
1,51,categorical__country_SWE,0.005474591699780035,74.24010229579368,True
1,52,categorical__reserved_room_type_F,0.016323213063901953,71.92489017832067,True
1,53,categorical__country_ISR,0.005391465738267483,69.97156845703908,True
1,54,categorical__agent_14,0.017013363030719184,64.10620764453562,True
1,55,categorical__agent_40,0.006636871840913493,64.0318467875157,True
1,56,categorical__country_AUT,0.004684324693537372,63.39271460755561,True
1,57,categorical__agent_243,0.0055577035344350325,63.27413864882923,True
1,58,categorical__agent_240,0.10634508000903535,59.960485378622074,True
1,59,categorical__country_POL,0.004642696376064952,59.70770891058019,True
1,60,categorical__agent_26,0.005640801242232516,58.742772766332294,True
1,61,categorical__agent_19,0.015469265715558263,58.67994604225575,True
1,62,categorical__country_ITA,0.025534210252482623,58.63915436819001,True
1,63,categorical__market_segment_Complementary,0.00775501967907454,56.41535555041954,True
1,64,numeric__children,0.9999999999993344,52.777649271143,True
1,65,categorical__agent_314,0.0070927243436229035,52.56531906398425,True
1,66,log_numeric__adr,0.9999999999999888,50.015528489379435,True
1,67,categorical__country_RUS,0.004559429145976942,49.71522387104123,True
1,68,categorical__agent_281,0.0026821816810331453,49.59740040380059,True
1,69,categorical__meal_HB,0.13944381986172882,49.35552650151982,True
1,70,categorical__agent_78,0.0012590738373213495,48.1299580735833,True
1,71,categorical__agent_252,0.001091380974826594,46.40922168294266,True
1,72,categorical__agent_3,0.01863321915118235,45.883363076494035,True
1,73,categorical__country_CN,0.005806954277254777,45.463400607628856,True
1,74,categorical__agent_156,0.0055577035344350325,44.6489497362573,True
1,75,categorical__agent_41,0.0010494489299169411,44.619023847405956,True
1,76,categorical__meal_Undefined,0.007134144289946532,44.15858295703919,True
1,77,categorical__agent_27,0.004226218957049466,39.78764432946083,True
1,78,numeric__is_repeated_guest,0.9999999999999324,39.45866257601012,True
1,79,categorical__agent_64,0.000923631604901659,39.250946135856935,True
1,80,categorical__agent_134,0.005308325649897373,35.933937469748805,True
1,81,categorical__agent_60,0.0007977824944568991,33.88663902443311,True
1,82,categorical__country_ROU,0.002514969131694944,33.84401883582646,True
1,83,categorical__agent_115,0.0028493377229411726,32.35006089994937,True
1,84,categorical__customer_type_Group,0.008292468910967195,31.126494316248348,True
1,85,categorical__country_FIN,0.002514969131694944,30.776824208752355,True
1,86,categorical__country_CHN,0.0024313416667395243,29.647436433657138,True
1,87,categorical__agent_44,0.003350466804084145,29.392857826182965,True
1,88,categorical__agent_55,0.0006719015985826624,28.52609854175924,True
1,89,categorical__market_segment_Offline TA/TO,0.1983262679297574,28.018324607657455,True
1,90,categorical__country_NOR,0.0020548432545780012,27.619262815535894,True
1,91,categorical__agent_208,0.007216973587450598,27.164327215828017,True
1,92,categorical__agent_83,0.003725979867931853,25.968886153653827,True
1,93,numeric__stays_in_week_nights,1.0000000000004394,25.83833274161953,True
1,94,categorical__agent_147,0.0023895226366902316,23.419156232321253,True
1,95,categorical__agent_308,0.002180374510727985,23.376843691876765,True
1,96,categorical__agent_11,0.003642557242410852,22.740023342448882,True
1,97,numeric__babies,1.0000000000002878,22.732047645326986,True
1,98,categorical__country_DNK,0.0016780587735511867,22.532983673444875,True
1,99,categorical__agent_12,0.00812716348739765,21.802517203478477,True
1,100,categorical__customer_type_Contract,0.09974073878934064,21.362774679670515,True
1,101,categorical__meal_BB,0.16749198211215935,20.334730196163022,True
1,102,categorical__agent_185,0.0032669806077041826,20.3042552098048,True
1,103,categorical__agent_37,0.016363838374488578,20.116965418463124,True
1,104,categorical__agent_171,0.003851087318355479,19.148006842885888,True
1,105,categorical__country_GRC,0.0013848064011913576,18.58115216857701,True
1,106,categorical__country_AUS,0.0013009882236590716,17.452725775981115,True
1,107,categorical__country_CZE,0.0013009882236590716,17.452725775981115,True
1,108,categorical__country_Unknown,0.006595409514017218,17.079988049469943,True
1,109,categorical__country_LUX,0.0012590738373213495,16.888623893611154,True
1,110,categorical__reserved_room_type_C,0.00729978875809718,16.84916813848587,True
1,111,categorical__agent_17,0.009818865273623443,16.84348755965555,True
1,112,categorical__agent_36,0.0014686104518660985,16.70137090094383,True
1,113,categorical__agent_5,0.006844130499679029,16.671854175208278,True
1,114,categorical__agent_52,0.0012171559192692403,16.324596201006738,True
1,115,categorical__agent_63,0.0012171559192692403,16.324596201006738,True
1,116,categorical__country_JPN,0.0011752344695027442,15.760642683532863,True
1,117,categorical__agent_350,0.0011752344695027442,15.760642683532863,True
1,118,categorical__agent_69,0.0011333094880218637,15.196763326558363,True
1,119,categorical__agent_313,0.001510507179631888,14.492488050900361,True
1,120,categorical__agent_175,0.0032669806077041826,14.412189521386136,True
1,121,categorical__reserved_room_type_G,0.011791850452153705,13.170494334365793,True
1,122,categorical__agent_85,0.0013848064011913576,12.844802326802945,True
1,123,categorical__agent_177,0.0017618133802245175,12.786648294723681,True
1,124,categorical__country_DZA,0.0011752344695027442,12.785099975997676,True
1,125,categorical__agent_334,0.0011752344695027442,12.785099975997676,True
1,126,categorical__country_IND,0.000923631604901659,12.378478437354904,True
1,127,categorical__agent_21,0.00837510043246567,12.230765123227625,True
1,128,categorical__agent_2,0.0020548432545780012,12.009545073271411,True
1,129,categorical__agent_38,0.005183589029484329,11.90914222279457,True
1,130,categorical__agent_82,0.0032252322119426208,11.570740690560829,True
1,131,categorical__country_ARG,0.0008397357296528725,11.25168309350908,True
1,132,categorical__country_HUN,0.0008397357296528725,11.25168309350908,True
1,133,categorical__agent_74,0.0008397357296528725,11.25168309350908,True
1,134,categorical__agent_119,0.003433938873606565,11.174128853492213,True
1,135,categorical__country_MEX,0.0007977824944568991,10.688396494269067,True
1,136,categorical__agent_330,0.0012171559192692403,10.663032366367345,True
1,137,categorical__agent_95,0.0015524003756832937,10.191686513308953,True
1,138,categorical__agent_39,0.0007138654289217944,9.56204536817196,True
1,139,categorical__agent_104,0.000923631604901659,9.44688888877312,True
1,140,categorical__agent_305,0.001887418802376617,9.307554802708502,True
1,141,categorical__agent_68,0.0022640443562560435,9.011598785288559,True
1,142,categorical__country_LTU,0.0006719015985826624,8.998980812133203,True
1,143,categorical__agent_127,0.0006719015985826624,8.998980812133203,True
1,144,categorical__agent_4,0.0016361761726429403,8.973874170926273,True
1,145,categorical__customer_type_Transient,0.24835729324598438,8.969016111508436,True
1,146,categorical__agent_20,0.00812716348739765,8.846439615853107,True
1,147,categorical__agent_112,0.0006299342365291438,8.435990241319598,True
1,148,categorical__country_TUR,0.0012171559192692403,8.283204887323349,True
1,149,categorical__agent_248,0.002305873981448495,8.25600667663818,True
1,150,categorical__country_LVA,0.0005879633427612388,7.873073641149906,True
1,151,categorical__agent_94,0.0005879633427612388,7.873073641149906,True
1,152,categorical__country_MAR,0.0011752344695027442,7.768175481173233,True
1,153,categorical__agent_196,0.003350466804084145,7.558240160127255,True
1,154,numeric__arrival_month_sin,1.0000000000000975,7.507177636878724,True
1,155,categorical__agent_256,0.0009655742449544719,7.439913660613953,True
1,156,missing__missingindicator_children,0.00016806016079093904,7.121523665984944,True
1,157,missing__missingindicator_total_guests,0.00016806016079093904,7.121523665984944,True
1,158,categorical__agent_251,0.000923631604901659,6.911266328395484,True
1,159,categorical__country_SVN,0.0005040109600822701,6.74746229443645,True
1,160,categorical__agent_56,0.0007138654289217944,6.689877331290317,True
1,161,categorical__agent_146,0.0012171559192692403,6.2037659653316926,True
1,162,categorical__agent_22,0.0012171559192692403,6.2037659653316926,True
1,163,categorical__agent_8,0.011011850139632276,6.194265639439839,True
1,164,categorical__country_IRQ,0.00046202947117120614,6.184767518749344,True
1,165,categorical__agent_89,0.0004200444505457557,5.622146655419486,True
1,166,categorical__agent_32,0.0006299342365291438,5.598421698974309,True
1,167,categorical__agent_71,0.0006299342365291438,5.598421698974309,True
1,168,categorical__country_HRV,0.0003780558982059189,5.059599689884768,True
1,169,categorical__country_NZL,0.0003780558982059189,5.059599689884768,True
1,170,categorical__agent_328,0.0003780558982059189,5.059599689884768,True
1,171,categorical__country_UKR,0.0005879633427612388,5.056452039595647,True
1,172,categorical__agent_91,0.0005879633427612388,5.056452039595647,True
1,173,categorical__country_AGO,0.0031834802844666614,5.0012064651366055,True
1,174,categorical__agent_16,0.001091380974826594,4.791617184230614,True
1,175,categorical__country_IRN,0.000545988917278948,4.517735965690527,True
1,176,categorical__country_CHL,0.0003360638141516957,4.497126607586924,True
1,177,categorical__agent_31,0.0003360638141516957,4.497126607586924,True
1,178,categorical__country_KOR,0.0007138654289217944,4.32967499054143,True
1,179,categorical__distribution_channel_Undefined,0.00021006637170270777,4.208688999483585,True
1,180,categorical__reserved_room_type_B,0.012078897602336583,4.206567674421976,True
1,181,categorical__agent_152,0.0005040109600822701,3.983068393734596,True
1,182,categorical__agent_245,0.0005040109600822701,3.983068393734596,True
1,183,categorical__country_CRI,0.00029406819838308614,3.9347273939714977,True
1,184,categorical__country_EGY,0.00029406819838308614,3.9347273939714977,True
1,185,categorical__country_JOR,0.00029406819838308614,3.9347273939714977,True
1,186,categorical__country_LBN,0.00029406819838308614,3.9347273939714977,True
1,187,categorical__country_SRB,0.00029406819838308614,3.9347273939714977,True
1,188,categorical__country_TUN,0.00029406819838308614,3.9347273939714977,True
1,189,categorical__agent_111,0.00029406819838308614,3.9347273939714977,True
1,190,categorical__agent_88,0.00029406819838308614,3.9347273939714977,True
1,191,categorical__agent_92,0.00029406819838308614,3.9347273939714977,True
1,192,categorical__market_segment_Undefined,8.403714382424229e-05,3.559929782090967,True
1,193,categorical__country_BGR,0.0002520690509000902,3.3724020344878696,True
1,194,categorical__country_COL,0.0002520690509000902,3.3724020344878696,True
1,195,categorical__country_MYS,0.0002520690509000902,3.3724020344878696,True
1,196,categorical__agent_138,0.0002520690509000902,3.3724020344878696,True
1,197,categorical__agent_24,0.0002520690509000902,3.3724020344878696,True
1,198,categorical__agent_275,0.0002520690509000902,3.3724020344878696,True
1,199,categorical__agent_67,0.0002520690509000902,3.3724020344878696,True
1,200,categorical__country_BLR,0.0004200444505457557,2.9306483126709977,True
1,201,categorical__agent_181,0.0004200444505457557,2.9306483126709977,True
1,202,categorical__agent_201,0.0004200444505457557,2.9306483126709977,True
1,203,numeric__arrival_date_day_of_month,1.0000000000000786,2.9303510331083724,True
1,204,categorical__country_PER,0.00021006637170270777,2.810150514589228,True
1,205,categorical__country_SGP,0.00021006637170270777,2.810150514589228,True
1,206,categorical__country_TWN,0.00021006637170270777,2.810150514589228,True
1,207,categorical__agent_151,0.00021006637170270777,2.810150514589228,True
1,208,categorical__agent_184,0.00021006637170270777,2.810150514589228,True
1,209,categorical__agent_183,0.0012590738373213495,2.565231133451362,True
1,210,categorical__agent_324,0.0003780558982059189,2.41660550204762,True
1,211,categorical__country_CMR,0.00016806016079093904,2.2479728197325914,True
1,212,categorical__country_EST,0.00016806016079093904,2.2479728197325914,True
1,213,categorical__country_GIB,0.00016806016079093904,2.2479728197325914,True
1,214,categorical__country_SVK,0.00016806016079093904,2.2479728197325914,True
1,215,categorical__country_THA,0.00016806016079093904,2.2479728197325914,True
1,216,categorical__deposit_type_Refundable,0.00016806016079093904,2.2479728197325914,True
1,217,categorical__agent_128,0.00016806016079093904,2.2479728197325914,True
1,218,categorical__agent_148,0.00016806016079093904,2.2479728197325914,True
1,219,categorical__agent_348,0.00016806016079093904,2.2479728197325914,True
1,220,categorical__agent_86,0.00016806016079093904,2.2479728197325914,True
1,221,categorical__agent_15,0.004975624027841526,2.2368128684560564,True
1,222,categorical__agent_45,0.0006719015985826624,2.0624661988673982,True
1,223,categorical__country_VEN,0.0003360638141516957,1.9146930654352092,True
1,224,categorical__country_AND,4.202033776931435e-05,1.7797569512217633,True
1,225,categorical__country_IDN,0.00012605041816478383,1.685868935378791,True
1,226,categorical__country_KAZ,0.00012605041816478383,1.685868935378791,True
1,227,categorical__agent_159,0.00012605041816478383,1.685868935378791,True
1,228,categorical__agent_167,0.00012605041816478383,1.685868935378791,True
1,229,categorical__agent_253,0.00012605041816478383,1.685868935378791,True
1,230,categorical__agent_258,0.00012605041816478383,1.685868935378791,True
1,231,categorical__agent_321,0.00012605041816478383,1.685868935378791,True
1,232,categorical__reserved_room_type_H,0.003684270321028551,1.5852953457634271,True
1,233,categorical__agent_242,0.005806954277254777,1.5418369273094703,True
1,234,categorical__agent_339,0.00046202947117120614,1.5126790112805424,True
1,235,categorical__agent_10,0.002891117904132209,1.4677632408889638,True
1,236,categorical__customer_type_Transient-Party,0.22399526959352006,1.3061084820279867,True
1,237,categorical__agent_143,0.0007138654289217944,1.144015884261094,True
1,238,categorical__agent_261,0.0007138654289217944,1.144015884261094,True
1,239,categorical__agent_155,0.0013009882236590716,1.137181370841479,True
1,240,categorical__country_ALB,8.403714382424229e-05,1.1238388469924785,True
1,241,categorical__country_ARM,8.403714382424229e-05,1.1238388469924785,True
1,242,categorical__country_AZE,8.403714382424229e-05,1.1238388469924785,True
1,243,categorical__country_DOM,8.403714382424229e-05,1.1238388469924785,True
1,244,categorical__country_LKA,8.403714382424229e-05,1.1238388469924785,True
1,245,categorical__country_MUS,8.403714382424229e-05,1.1238388469924785,True
1,246,categorical__country_NGA,8.403714382424229e-05,1.1238388469924785,True
1,247,categorical__country_PRI,8.403714382424229e-05,1.1238388469924785,True
1,248,categorical__agent_106,8.403714382424229e-05,1.1238388469924785,False
1,249,categorical__agent_118,8.403714382424229e-05,1.1238388469924785,False
1,250,categorical__agent_121,8.403714382424229e-05,1.1238388469924785,False
1,251,categorical__agent_126,8.403714382424229e-05,1.1238388469924785,False
1,252,categorical__agent_168,8.403714382424229e-05,1.1238388469924785,False
1,253,categorical__agent_244,8.403714382424229e-05,1.1238388469924785,False
1,254,categorical__agent_61,8.403714382424229e-05,1.1238388469924785,False
1,255,categorical__agent_72,8.403714382424229e-05,1.1238388469924785,False
1,256,categorical__agent_13,0.003433938873606565,1.0756358988538466,False
1,257,categorical__agent_81,0.0002520690509000902,0.9713730634643926,False
1,258,categorical__agent_142,0.005682344798559643,0.7791035353492345,False
1,259,numeric__stays_in_weekend_nights,1.0000000000003204,0.7426598826756734,False
1,260,categorical__country_MOZ,0.0003780558982059189,0.7393011063621369,False
1,261,categorical__agent_30,0.0013009882236590716,0.6495753688996988,False
1,262,categorical__agent_105,0.0005040109600822701,0.6278313586455795,False
1,263,log_numeric__total_nights,1.0000000000005762,0.6204591953099179,False
1,264,categorical__country_ARE,4.202033776931435e-05,0.5618825400421207,False
1,265,categorical__country_BFA,4.202033776931435e-05,0.5618825400421207,False
1,266,categorical__country_BWA,4.202033776931435e-05,0.5618825400421207,False
1,267,categorical__country_CUB,4.202033776931435e-05,0.5618825400421207,False
1,268,categorical__country_CYM,4.202033776931435e-05,0.5618825400421207,False
1,269,categorical__country_CYP,4.202033776931435e-05,0.5618825400421207,False
1,270,categorical__country_ETH,4.202033776931435e-05,0.5618825400421207,False
1,271,categorical__country_GEO,4.202033776931435e-05,0.5618825400421207,False
1,272,categorical__country_KNA,4.202033776931435e-05,0.5618825400421207,False
1,273,categorical__country_KWT,4.202033776931435e-05,0.5618825400421207,False
1,274,categorical__country_LIE,4.202033776931435e-05,0.5618825400421207,False
1,275,categorical__country_MKD,4.202033776931435e-05,0.5618825400421207,False
1,276,categorical__country_MMR,4.202033776931435e-05,0.5618825400421207,False
1,277,categorical__country_PAN,4.202033776931435e-05,0.5618825400421207,False
1,278,categorical__country_PHL,4.202033776931435e-05,0.5618825400421207,False
1,279,categorical__country_SEN,4.202033776931435e-05,0.5618825400421207,False
1,280,categorical__country_SMR,4.202033776931435e-05,0.5618825400421207,False
1,281,categorical__country_STP,4.202033776931435e-05,0.5618825400421207,False
1,282,categorical__country_TMP,4.202033776931435e-05,0.5618825400421207,False
1,283,categorical__country_ZMB,4.202033776931435e-05,0.5618825400421207,False
1,284,categorical__country_ZWE,4.202033776931435e-05,0.5618825400421207,False
1,285,categorical__distribution_channel_GDS,4.202033776931435e-05,0.5618825400421207,False
1,286,categorical__agent_103,4.202033776931435e-05,0.5618825400421207,False
1,287,categorical__agent_114,4.202033776931435e-05,0.5618825400421207,False
1,288,categorical__agent_117,4.202033776931435e-05,0.5618825400421207,False
1,289,categorical__agent_135,4.202033776931435e-05,0.5618825400421207,False
1,290,categorical__agent_139,4.202033776931435e-05,0.5618825400421207,False
1,291,categorical__agent_158,4.202033776931435e-05,0.5618825400421207,False
1,292,categorical__agent_180,4.202033776931435e-05,0.5618825400421207,False
1,293,categorical__agent_182,4.202033776931435e-05,0.5618825400421207,False
1,294,categorical__agent_193,4.202033776931435e-05,0.5618825400421207,False
1,295,categorical__agent_300,4.202033776931435e-05,0.5618825400421207,False
1,296,categorical__agent_301,4.202033776931435e-05,0.5618825400421207,False
1,297,categorical__agent_303,4.202033776931435e-05,0.5618825400421207,False
1,298,categorical__agent_304,4.202033776931435e-05,0.5618825400421207,False
1,299,categorical__agent_335,4.202033776931435e-05,0.5618825400421207,False
1,300,categorical__agent_336,4.202033776931435e-05,0.5618825400421207,False
1,301,categorical__agent_34,4.202033776931435e-05,0.5618825400421207,False
1,302,categorical__agent_352,4.202033776931435e-05,0.5618825400421207,False
1,303,categorical__agent_54,4.202033776931435e-05,0.5618825400421207,False
1,304,categorical__agent_57,4.202033776931435e-05,0.5618825400421207,False
1,305,categorical__agent_70,4.202033776931435e-05,0.5618825400421207,False
1,306,categorical__agent_90,4.202033776931435e-05,0.5618825400421207,False
1,307,categorical__agent_326,0.00021006637170270777,0.5540797163189413,False
1,308,categorical__agent_42,0.0003360638141516957,0.4184801795466725,False
1,309,categorical__agent_47,0.00016806016079093904,0.3416251368700592,False
1,310,categorical__agent_98,0.0007138654289217944,0.31814841349048184,False
1,311,categorical__agent_50,0.0007977824944568991,0.31021259727407813,False
1,312,categorical__agent_110,0.0003780558982059189,0.28036358681028933,False
1,313,categorical__agent_306,0.00016806016079093904,0.20920307310002384,False
1,314,categorical__agent_195,8.403714382424229e-05,0.1707969852511365,False
1,315,categorical__agent_332,8.403714382424229e-05,0.1707969852511365,False
1,316,categorical__agent_79,8.403714382424229e-05,0.1707969852511365,False
1,317,categorical__agent_99,0.0028493377229411726,0.1512340492407658,False
1,318,categorical__country_OMN,0.00029406819838308614,0.143970246584055,False
1,319,categorical__country_SAU,0.00029406819838308614,0.143970246584055,False
1,320,numeric__arrival_date_week_number,0.9999999999999444,0.10472165610024657,False
1,321,categorical__agent_273,0.0026403838412701747,0.030492154811248343,False
1,322,categorical__country_ZAF,0.0003780558982059189,0.027278230381040006,False
1,323,categorical__reserved_room_type_L,0.0002520690509000902,0.018183186815204234,False
1,324,categorical__agent_66,0.0002520690509000902,0.018183186815204234,False
1,325,categorical__agent_87,0.0002520690509000902,0.018183186815204234,False
1,326,categorical__country_CPV,0.00012605041816478383,0.009090443645738334,False
1,327,categorical__country_ECU,0.00012605041816478383,0.009090443645738334,False
1,328,categorical__agent_75,0.00012605041816478383,0.009090443645738334,False
1,329,categorical__agent_149,0.0011752344695027442,0.0008279819427038018,False
1,330,missing__missingindicator_adr,0.0,,False
1,331,missing__missingindicator_total_nights,0.0,,False
1,332,missing__missingindicator_previous_cancellation_share,0.0,,False
2,1,categorical__deposit_type_Non Refund,0.13057026355956358,22010.73774183191,True
2,2,categorical__deposit_type_No Deposit,0.13223114604741826,21163.168241042073,True
2,3,numeric__previous_cancellation_share,1.0000000000003664,14452.944572545428,True
2,4,categorical__country_PRT,0.2492762331830015,11216.283779219824,True
2,5,log_numeric__previous_cancellations,1.0000000000000928,9142.698769546412,True
2,6,numeric__has_booking_history,1.0000000000000353,8684.99845340756,True
2,7,log_numeric__lead_time,1.0000000000000124,7502.514959686758,True
2,8,categorical__market_segment_Groups,0.16835194059485123,4141.623988051368,True
2,9,log_numeric__previous_bookings_total,0.9999999999996608,3554.0029336714692,True
2,10,categorical__agent_1,0.10011785681105345,3076.7134023985777,True
2,11,numeric__total_of_special_requests,1.0000000000002782,2809.761211858027,True
2,12,numeric__required_car_parking_spaces,0.9999999999987246,1885.3920986811759,True
2,13,categorical__distribution_channel_TA/TO,0.1547030542231767,1380.804721458991,True
2,14,categorical__hotel_Resort Hotel,0.23030947844521146,1374.1433215762268,True
2,15,categorical__hotel_City Hotel,0.23030947844517424,1374.1433215762183,True
2,16,categorical__country_FRA,0.0676643742321112,1200.4029009070093,True
2,17,categorical__market_segment_Direct,0.09188996120670753,1198.4604451068242,True
2,18,categorical__distribution_channel_Direct,0.11006219573262811,1066.0198024619788,True
2,19,categorical__country_GBR,0.0686122442500889,1025.7088330808217,True
2,20,categorical__agent_NoAgent,0.12270561066150291,958.1557169292159,True
2,21,categorical__country_ESP,0.06937945583329028,821.1539070215048,True
2,22,categorical__country_DEU,0.04314574481757423,780.8319303753754,True
2,23,categorical__reserved_room_type_A,0.17532632973642384,759.8857093855265,True
2,24,numeric__company_code_recorded,0.9999999999986446,493.4432314690599,True
2,25,numeric__arrival_month_cos,1.0000000000001612,447.4691409839958,True
2,26,categorical__market_segment_Corporate,0.052926559095642055,421.48939386888594,True
2,27,categorical__market_segment_Online TA,0.23033889142420633,417.0593156559544,True
2,28,log_numeric__previous_bookings_not_canceled,1.000000000000659,396.7179937811087,True
2,29,categorical__reserved_room_type_D,0.11242107268138833,390.8509358482114,True
2,30,categorical__agent_29,0.009943151761958069,383.94614907270255,True
2,31,categorical__agent_19,0.012811188724481067,371.19414187191006,True
2,32,categorical__agent_28,0.014544087832928381,321.8435059315977,True
2,33,log_numeric__adr,0.9999999999998825,304.38451137539437,True
2,34,categorical__agent_236,0.0033229165205617625,286.197363806691,True
2,35,categorical__country_IRL,0.022313539762218747,269.57299528272387,True
2,36,categorical__agent_7,0.02169277267330938,233.25195424283,True
2,37,categorical__meal_FB,0.012279856526042781,230.74072586580488,True
2,38,categorical__distribution_channel_Corporate,0.06048574087180823,220.7845611448018,True
2,39,categorical__customer_type_Transient-Party,0.20466645585055787,217.7472040595465,True
2,40,categorical__agent_250,0.01990587450992893,206.8242357812248,True
2,41,categorical__customer_type_Transient,0.2293204865366464,199.40873090194938,True
2,42,categorical__country_AUT,0.009840403096094784,196.22036972227806,True
2,43,categorical__country_NLD,0.013851690609844262,185.6912964493082,True
2,44,categorical__agent_241,0.012116250100413903,181.71794388319864,True
2,45,categorical__agent_134,0.009058794784112988,179.4858718336305,True
2,46,categorical__agent_119,0.005546578625736131,176.33575144795617,True
2,47,categorical__reserved_room_type_E,0.04249673080421252,176.00362767774882,True
2,48,categorical__agent_68,0.0030937450273950265,148.1532454074699,True
2,49,categorical__country_BEL,0.012892879376975044,142.54109110725275,True
2,50,categorical__agent_41,0.0015701834922287868,134.33401089168277,True
2,51,categorical__country_USA,0.011625093142565806,131.8764836251659,True
2,52,categorical__agent_37,0.01460513290010205,131.4679600753104,True
2,53,categorical__agent_40,0.006333867716385462,130.74854034075304,True
2,54,numeric__adults,1.0000000000015974,126.93353978546689,True
2,55,categorical__agent_14,0.020448703250148352,122.82646806066649,True
2,56,categorical__agent_96,0.004799554472182006,116.83418454683529,True
2,57,categorical__agent_243,0.00488261343607041,113.97774994954507,True
2,58,categorical__agent_44,0.0028227688071257367,110.67718851347719,True
2,59,categorical__country_CHE,0.010004790408946227,104.8007757660844,True
2,60,categorical__agent_314,0.007347181887496753,93.64365086315483,True
2,61,categorical__agent_21,0.009017622329435045,93.41463048628206,True
2,62,categorical__agent_27,0.004841085712881203,93.30844576384779,True
2,63,categorical__market_segment_Complementary,0.006892485679667173,91.04118118907589,True
2,64,categorical__agent_115,0.004384048602139341,89.16397587062802,True
2,65,categorical__country_ISR,0.0046126203598492056,82.04125482176298,True
2,66,categorical__agent_154,0.0019045157837489371,81.73945847798484,True
2,67,log_numeric__total_guests,0.9999999999998551,79.71683910550432,True
2,68,categorical__country_SWE,0.0057746086869042736,74.1725831005951,True
2,69,categorical__agent_3,0.017525988792949535,71.561055839957,True
2,70,categorical__country_CN,0.005650241844202346,71.1059287750648,True
2,71,categorical__agent_12,0.009367476073567187,70.29984582109647,True
2,72,categorical__agent_240,0.09767257178918763,66.9478379842735,True
2,73,categorical__agent_162,0.0007752420585506251,66.1241496532686,True
2,74,categorical__country_Unknown,0.005857502327822158,65.70453796396035,True
2,75,categorical__agent_11,0.0049033759785987955,65.70148449029936,True
2,76,categorical__agent_156,0.0035936183750502073,65.49011697351622,True
2,77,categorical__customer_type_Group,0.005608779194948377,61.79554960227705,True
2,78,categorical__meal_SC,0.045579974305467036,57.98238743742013,True
2,79,numeric__is_repeated_guest,0.999999999999522,53.54872797987382,True
2,80,categorical__agent_235,0.0006077241617894557,51.80279673564086,True
2,81,categorical__agent_34,0.0007752420585506251,50.43091794331897,True
2,82,categorical__agent_281,0.0013401994542495274,49.620586738372076,True
2,83,categorical__reserved_room_type_F,0.01869729324526804,48.36121370410419,True
2,84,categorical__agent_252,0.0005448904407752222,46.43574248837317,True
2,85,numeric__babies,1.0000000000002471,45.94134279420871,True
2,86,categorical__country_ROU,0.002342985278209317,45.61913551747743,True
2,87,categorical__agent_78,0.000649608912244765,44.78032299608943,True
2,88,categorical__country_FIN,0.0031354204860046813,43.98195470006442,True
2,89,categorical__agent_257,0.0005029968965448865,42.8587519214722,True
2,90,categorical__deposit_type_Refundable,0.002405592119827849,42.06760735894526,True
2,91,categorical__country_ITA,0.025980698719067535,40.44551663118922,True
2,92,categorical__country_POL,0.0068097679142498325,38.293048862279164,True
2,93,categorical__agent_8,0.012525160639186208,37.06478090140871,True
2,94,categorical__agent_138,0.00230124298690945,36.89903035135138,True
2,95,categorical__country_NOR,0.002363855104793002,36.1045277802821,True
2,96,categorical__agent_310,0.0004191992555541812,35.7072789030613,True
2,97,categorical__agent_64,0.0004820488053634638,35.68170249524137,True
2,98,categorical__agent_6,0.03459034440863933,34.4118894113521,True
2,99,categorical__agent_251,0.0016119873399538407,34.39921484277642,True
2,100,categorical__country_DNK,0.0020924787677599633,33.976422459879416,True
2,101,categorical__agent_60,0.00039824764686274827,33.91993295878711,True
2,102,categorical__agent_273,0.003718507567988751,33.645756420187716,True
2,103,categorical__meal_HB,0.11924095123847821,33.6343510518731,True
2,104,categorical__agent_56,0.0019045157837489371,31.596029273631334,True
2,105,categorical__agent_85,0.0025516439720584894,29.692966267263305,True
2,106,categorical__reserved_room_type_C,0.005297697204911776,29.28357169768573,True
2,107,categorical__agent_16,0.0018000611255302112,28.91690027590676,True
2,108,categorical__agent_55,0.00033538754452343267,28.559148084916036,True
2,109,categorical__agent_196,0.003156256896243253,28.20124694836231,True
2,110,categorical__agent_208,0.003614435438983723,27.201570972826087,True
2,111,categorical__agent_330,0.0012356260800679367,27.183225349201876,True
2,112,categorical__agent_177,0.0024264593082790244,26.728600665523096,True
2,113,categorical__agent_298,0.0068718075573790775,25.166734428331928,True
2,114,categorical__agent_53,0.00029347641274304187,24.986335268860614,True
2,115,categorical__agent_133,0.0011519515519276167,23.512117580617616,True
2,116,numeric__children,0.9999999999999911,23.40200849177295,True
2,117,categorical__agent_308,0.001089186422358596,23.28549305488502,True
2,118,categorical__agent_248,0.002363855104793002,22.954899057670247,True
2,119,categorical__agent_31,0.0006914901451900621,22.767601201425155,True
2,120,categorical__agent_36,0.001068262953747249,22.72970982769981,True
2,121,numeric__arrival_date_year,1.0000000000009122,22.69148036828015,True
2,122,categorical__country_BRA,0.01152270502147854,22.01364748923442,True
2,123,categorical__agent_69,0.00081711273896589,21.895926082621735,True
2,124,categorical__agent_83,0.0037601302639482343,21.334625534195776,True
2,125,log_numeric__total_nights,1.000000000000541,20.90674698931509,True
2,126,categorical__agent_5,0.0046749396450243095,20.616205625706552,True
2,127,categorical__agent_95,0.0022386229546283833,20.502855669118997,True
2,128,categorical__agent_185,0.0016328879447501188,20.19635524396312,True
2,129,categorical__agent_170,0.00023060311974118516,19.62868096308153,True
2,130,categorical__country_RUS,0.004030592048378441,19.462814708701057,True
2,131,categorical__agent_191,0.004009792571994975,19.136210033643824,True
2,132,categorical__agent_30,0.004944898425522933,19.04610025376111,True
2,133,categorical__agent_245,0.0007752420585506251,18.978160793260596,True
2,134,categorical__agent_175,0.0021551172669685946,18.656375352473994,True
2,135,categorical__agent_146,0.0011728715030289506,17.760126618602257,True
2,136,categorical__meal_BB,0.16599848237030415,17.3821388446793,True
2,137,categorical__country_MAR,0.0014238423247997498,17.27724945515023,True
2,138,categorical__agent_71,0.0013611114909533389,16.389481798917625,True
2,139,categorical__country_AGO,0.003156256896243253,16.282365213594264,True
2,140,categorical__agent_63,0.0006077241617894557,16.276252557960596,True
2,141,categorical__reserved_room_type_G,0.012892879376975044,16.168251775946853,True
2,142,categorical__agent_17,0.004965658329918793,15.959571286140346,True
2,143,categorical__agent_350,0.0005867804674955472,15.71448769635131,True
2,144,categorical__agent_143,0.001089186422358596,15.66118345404459,True
2,145,categorical__country_DZA,0.0009845602855268402,15.367184242856244,True
2,146,numeric__arrival_date_day_of_month,1.000000000000213,15.254292964271647,True
2,147,categorical__agent_220,0.0005658358938241364,15.152759636790005,True
2,148,categorical__agent_86,0.0009636324200279815,14.710615262804879,True
2,149,categorical__agent_313,0.0007543053992767387,14.441051859044949,True
2,150,categorical__country_CZE,0.0009427036751516187,14.309172857535623,True
2,151,categorical__country_ARE,0.00033538754452343267,14.285571926132308,True
2,152,categorical__country_TJK,0.00016772191234180382,14.272903682050472,True
2,153,categorical__agent_91,0.0007333678606253485,13.893094584739906,True
2,154,categorical__agent_10,0.0024681910470488555,13.885958700818572,True
2,155,categorical__agent_249,0.001068262953747249,13.70625819430225,True
2,156,categorical__country_JPN,0.0014238423247997498,13.326101817909393,True
2,157,categorical__agent_22,0.001653787670168891,13.036942520777973,True
2,158,categorical__agent_127,0.0004820488053634638,12.906215346705542,True
2,159,categorical__agent_104,0.0005867804674955472,12.74476246403243,True
2,160,categorical__agent_334,0.0005867804674955472,12.74476246403243,True
2,161,categorical__agent_171,0.0044048322497277454,12.729662865127207,True
2,162,categorical__country_SAU,0.0005029968965448865,12.711993221662508,True
2,163,categorical__agent_24,0.00046109983480453943,12.344671243148944,True
2,164,categorical__agent_89,0.0005658358938241364,12.188918753249565,True
2,165,categorical__country_ARG,0.0018418456269502109,12.063662508535065,True
2,166,categorical__country_GRC,0.001026413378392051,11.953769086916807,True
2,167,categorical__country_AUS,0.0018209538159289676,11.646976343861958,True
2,168,categorical__agent_82,0.0016119873399538407,11.615187431682141,True
2,169,numeric__arrival_date_week_number,1.0000000000000617,11.58242627835105,True
2,170,categorical__meal_Undefined,0.01133835100273865,11.315101523040306,True
2,171,categorical__agent_74,0.0004191992555541812,11.221693373493876,True
2,172,categorical__agent_9,0.1503034934018713,10.719295429474563,True
2,173,categorical__agent_152,0.0006077241617894557,10.626091152210309,True
2,174,categorical__country_LUX,0.0013611114909533389,10.214239676065072,True
2,175,categorical__country_ISL,0.0003772951587938124,10.098862596362178,True
2,176,categorical__agent_23,0.0003772951587938124,10.098862596362178,True
2,177,categorical__country_MEX,0.000670549968406165,9.809228120919139,True
2,178,categorical__agent_387,0.000670549968406165,9.809228120919139,True
2,179,categorical__agent_38,0.004384048602139341,9.652071004165418,True
2,180,categorical__agent_305,0.0009427036751516187,9.34303697932886,True
2,181,categorical__country_NZL,0.000649608912244765,9.28716734910715,True
2,182,categorical__country_LTU,0.0005448904407752222,9.01085934341306,True
2,183,categorical__agent_4,0.00081711273896589,9.007260809183318,True
2,184,categorical__agent_94,0.0008799121642575163,8.55444692405007,True
2,185,categorical__agent_315,0.002342985278209317,8.47189456786149,True
2,186,categorical__country_CPV,0.0002096435966522274,8.440676117126644,True
2,187,categorical__country_EGY,0.0003144324183219887,8.414892165932901,True
2,188,categorical__agent_112,0.0003144324183219887,8.414892165932901,True
2,189,categorical__agent_159,0.0004191992555541812,8.315129251318258,True
2,190,categorical__distribution_channel_GDS,0.0006077241617894557,8.251307488445214,True
2,191,categorical__country_NGA,0.00025156176345264016,7.96119815411896,True
2,192,categorical__country_IND,0.001089186422358596,7.841465648434171,True
2,193,categorical__agent_182,0.0001467597511203379,7.539340883555518,True
2,194,categorical__agent_187,0.0004820488053634638,7.413989455834867,True
2,195,categorical__agent_256,0.0004820488053634638,7.413989455834867,True
2,196,categorical__agent_121,0.0002725195277865924,7.292428993695966,True
2,197,categorical__agent_205,0.0002725195277865924,7.292428993695966,True
2,198,categorical__country_LVA,0.0003772951587938124,7.216706495294929,True
2,199,categorical__agent_128,0.0003772951587938124,7.216706495294929,True
2,200,categorical__country_HKG,8.38679911909238e-05,7.134785419112562,True
2,201,missing__missingindicator_children,8.38679911909238e-05,7.134785419112562,True
2,202,missing__missingindicator_total_guests,8.38679911909238e-05,7.134785419112562,True
2,203,categorical__agent_35,0.0011310307214487789,7.118637017156147,True
2,204,categorical__agent_67,0.0020715975092687453,6.79596627635309,True
2,205,categorical__country_CRI,0.00025156176345264016,6.731252531161781,True
2,206,categorical__agent_168,0.0005448904407752222,6.722874701768436,True
2,207,categorical__reserved_room_type_B,0.011481743617401109,6.6913184247176885,True
2,208,categorical__agent_195,0.0006286669767058615,6.6579897070693725,True
2,209,categorical__agent_47,0.00044014998486811163,6.363426695585986,True
2,210,categorical__country_IRQ,0.00023060311974118516,6.170112812871335,True
2,211,categorical__country_MYS,0.00023060311974118516,6.170112812871335,True
2,212,categorical__agent_111,0.00023060311974118516,6.170112812871335,True
2,213,categorical__agent_2,0.0020089484575300906,5.9873760528517295,True
2,214,categorical__country_HUN,0.0012774580678730808,5.668900742361075,True
2,215,categorical__country_BOL,0.0002096435966522274,5.609009835215889,True
2,216,categorical__country_JOR,0.0002096435966522274,5.609009835215889,True
2,217,categorical__agent_88,0.0002096435966522274,5.609009835215889,True
2,218,categorical__agent_32,0.0003144324183219887,5.581413046457726,True
2,219,numeric__stays_in_weekend_nights,0.9999999999997914,5.377415457138457,True
2,220,categorical__country_COL,0.0004820488053634638,5.235339294024815,True
2,221,categorical__agent_328,0.00018868319418576703,5.047943594587163,True
2,222,categorical__country_SRB,0.00029347641274304187,5.040984935384485,True
2,223,categorical__agent_129,0.00029347641274304187,5.040984935384485,True
2,224,categorical__agent_15,0.004633394334285042,4.883195150403014,True
2,225,categorical__agent_58,0.0005658358938241364,4.521373130690902,True
2,226,categorical__country_GNB,0.00016772191234180382,4.486914087377359,True
2,227,categorical__agent_336,0.00016772191234180382,4.486914087377359,True
2,228,categorical__country_BGR,0.0006077241617894557,4.4018861308430015,True
2,229,categorical__country_UKR,0.0005239441083488059,4.31528865470619,True
2,230,categorical__country_PAK,0.00010483279054489792,4.219522073521166,True
2,231,categorical__distribution_channel_Undefined,0.00010483279054489792,4.219522073521166,True
2,232,categorical__customer_type_Contract,0.05944367721200432,4.217939107309392,True
2,233,categorical__agent_242,0.005919663325046794,3.9567497097049578,True
2,234,categorical__agent_332,0.0006286669767058615,3.950781286583876,True
2,235,categorical__country_LBY,0.0001467597511203379,3.9259213099791537,True
2,236,categorical__agent_92,0.0001467597511203379,3.9259213099791537,True
2,237,categorical__agent_173,0.00033538754452343267,3.8163408122748725,True
2,238,categorical__agent_66,0.0004191992555541812,3.806956857357235,True
2,239,categorical__agent_147,0.002050715371400035,3.767358615260066,True
2,240,categorical__market_segment_Aviation,0.0012983727427094017,3.713534300571625,True
2,241,categorical__agent_52,0.0007961778384470086,3.6557119463612264,True
2,242,categorical__country_KHM,4.1935754350467377e-05,3.5669762499824365,True
2,243,categorical__market_segment_Undefined,4.1935754350467377e-05,3.5669762499824365,True
2,244,categorical__country_HRV,0.0007124294425964573,3.478014474783786,True
2,245,categorical__country_PRI,0.0001257967105213693,3.3649652587856864,True
2,246,categorical__agent_157,0.0001257967105213693,3.3649652587856864,True
2,247,categorical__agent_275,0.0001257967105213693,3.3649652587856864,True
2,248,categorical__agent_385,0.0006286669767058615,3.308423541942056,True
2,249,categorical__country_TUR,0.0021968718695534917,3.1559865396594664,True
2,250,categorical__country_BLR,0.0002096435966522274,2.9210059414081457,True
2,251,categorical__agent_181,0.0002096435966522274,2.9210059414081457,True
2,252,categorical__agent_201,0.0002096435966522274,2.9210059414081457,True
2,253,categorical__country_EST,0.0003772951587938124,2.9020892810364587,True
2,254,categorical__country_CMR,0.00010483279054489792,2.8040459301905747,True
2,255,categorical__agent_150,0.00010483279054489792,2.8040459301905747,True
2,256,categorical__agent_363,0.00010483279054489792,2.8040459301905747,True
2,257,categorical__country_GEO,8.38679911909238e-05,2.6529922257186938,True
2,258,categorical__country_QAT,8.38679911909238e-05,2.6529922257186938,True
2,259,categorical__agent_214,8.38679911909238e-05,2.6529922257186938,True
2,260,categorical__agent_151,0.0007333678606253485,2.599507429440683,True
2,261,categorical__agent_339,0.0007333678606253485,2.599507429440683,True
2,262,categorical__agent_183,0.0006286669767058615,2.582373499322524,True
2,263,categorical__agent_253,0.00035634179134737395,2.468869974444195,True
2,264,categorical__country_BGD,0.0001257967105213693,2.4631070503944943,True
2,265,categorical__country_URY,0.00018868319418576703,2.4083389550373298,True
2,266,categorical__agent_324,0.00018868319418576703,2.4083389550373298,True
2,267,categorical__agent_393,0.0002725195277865924,2.3839822814371887,True
2,268,categorical__agent_75,0.0002725195277865924,2.3839822814371887,True
2,269,categorical__agent_118,0.0006914901451900621,2.2619698066563636,True
2,270,categorical__country_BIH,8.38679911909238e-05,2.2431633205879087,True
2,271,categorical__country_CYP,8.38679911909238e-05,2.2431633205879087,True
2,272,categorical__country_MUS,8.38679911909238e-05,2.2431633205879087,True
2,273,categorical__agent_148,8.38679911909238e-05,2.2431633205879087,True
2,274,categorical__agent_261,0.0004191992555541812,2.2051019949695796,True
2,275,categorical__agent_45,0.00033538754452343267,2.051653711460903,True
2,276,categorical__country_LBN,0.00025156176345264016,1.9344434627295493,True
2,277,categorical__country_PER,0.00016772191234180382,1.9077739069630326,True
2,278,categorical__agent_306,0.00016772191234180382,1.9077739069630326,True
2,279,categorical__agent_348,0.00016772191234180382,1.9077739069630326,True
2,280,categorical__country_MOZ,0.00039824764686274827,1.827057395401161,True
2,281,categorical__country_AND,2.0968316863985052e-05,1.7833840283283457,True
2,282,categorical__country_HND,2.0968316863985052e-05,1.7833840283283457,True
2,283,categorical__country_IMN,2.0968316863985052e-05,1.7833840283283457,True
2,284,categorical__country_MDV,2.0968316863985052e-05,1.7833840283283457,True
2,285,categorical__country_NIC,2.0968316863985052e-05,1.7833840283283457,True
2,286,categorical__country_UZB,2.0968316863985052e-05,1.7833840283283457,True
2,287,categorical__agent_179,2.0968316863985052e-05,1.7833840283283457,True
2,288,categorical__agent_93,2.0968316863985052e-05,1.7833840283283457,True
2,289,categorical__country_CHL,0.0006077241617894557,1.7521941343886873,True
2,290,categorical__country_DOM,6.290231245944696e-05,1.6823174263722502,True
2,291,categorical__country_JAM,6.290231245944696e-05,1.6823174263722502,True
2,292,categorical__country_LKA,6.290231245944696e-05,1.6823174263722502,True
2,293,categorical__country_MLT,6.290231245944696e-05,1.6823174263722502,True
2,294,categorical__agent_167,6.290231245944696e-05,1.6823174263722502,True
2,295,categorical__agent_215,6.290231245944696e-05,1.6823174263722502,True
2,296,categorical__agent_258,6.290231245944696e-05,1.6823174263722502,True
2,297,categorical__agent_270,6.290231245944696e-05,1.6823174263722502,True
2,298,categorical__agent_321,6.290231245944696e-05,1.6823174263722502,True
2,299,categorical__agent_360,6.290231245944696e-05,1.6823174263722502,True
2,300,categorical__agent_72,6.290231245944696e-05,1.6823174263722502,True
2,301,categorical__agent_20,0.004820320532220362,1.5329082344273897,True
2,302,categorical__country_SVK,0.00023060311974118516,1.5051892623943828,True
2,303,categorical__country_CHN,0.005442893422832297,1.425204520880517,True
2,304,categorical__country_IRN,0.000649608912244765,1.3804490057037782,True
2,305,categorical__country_TWN,0.00029347641274304187,1.2789165167464145,True
2,306,categorical__agent_375,0.0007752420585506251,1.2743643244359493,True
2,307,categorical__agent_327,0.00010483279054489792,1.2587436759053363,True
2,308,categorical__country_CIV,4.1935754350467377e-05,1.1215082439386297,True
2,309,categorical__country_CUB,4.1935754350467377e-05,1.1215082439386297,True
2,310,categorical__country_PAN,4.1935754350467377e-05,1.1215082439386297,True
2,311,categorical__country_TZA,4.1935754350467377e-05,1.1215082439386297,True
2,312,categorical__agent_106,4.1935754350467377e-05,1.1215082439386297,True
2,313,categorical__agent_132,4.1935754350467377e-05,1.1215082439386297,True
2,314,categorical__agent_135,4.1935754350467377e-05,1.1215082439386297,True
2,315,categorical__agent_180,4.1935754350467377e-05,1.1215082439386297,False
2,316,categorical__agent_193,4.1935754350467377e-05,1.1215082439386297,False
2,317,categorical__agent_232,4.1935754350467377e-05,1.1215082439386297,False
2,318,categorical__agent_244,4.1935754350467377e-05,1.1215082439386297,False
2,319,categorical__agent_384,4.1935754350467377e-05,1.1215082439386297,False
2,320,categorical__agent_414,4.1935754350467377e-05,1.1215082439386297,False
2,321,categorical__agent_61,4.1935754350467377e-05,1.1215082439386297,False
2,322,categorical__agent_13,0.0017164815701601907,1.0559900256538217,False
2,323,categorical__agent_81,0.0001257967105213693,0.9670804103596938,False
2,324,categorical__country_VEN,0.0002725195277865924,0.9328708155798826,False
2,325,categorical__agent_105,0.0002725195277865924,0.9328708155798826,False
2,326,categorical__agent_184,0.00039824764686274827,0.7628679138313861,False
2,327,categorical__agent_126,0.00018868319418576703,0.7345329914664004,False
2,328,categorical__agent_87,0.0010054872716481966,0.6873976752001826,False
2,329,categorical__market_segment_Offline TA/TO,0.19203305131553167,0.6228820766092131,False
2,330,categorical__agent_174,0.00025156176345264016,0.6226560558679994,False
2,331,categorical__agent_42,0.0008380467601072687,0.6110941319733871,False
2,332,categorical__agent_142,0.0028644671295504566,0.5666078477648729,False
2,333,categorical__country_BDI,2.0968316863985052e-05,0.5607357696825543,False
2,334,categorical__country_BFA,2.0968316863985052e-05,0.5607357696825543,False
2,335,categorical__country_BHR,2.0968316863985052e-05,0.5607357696825543,False
2,336,categorical__country_BWA,2.0968316863985052e-05,0.5607357696825543,False
2,337,categorical__country_COM,2.0968316863985052e-05,0.5607357696825543,False
2,338,categorical__country_CYM,2.0968316863985052e-05,0.5607357696825543,False
2,339,categorical__country_ETH,2.0968316863985052e-05,0.5607357696825543,False
2,340,categorical__country_KEN,2.0968316863985052e-05,0.5607357696825543,False
2,341,categorical__country_KNA,2.0968316863985052e-05,0.5607357696825543,False
2,342,categorical__country_LIE,2.0968316863985052e-05,0.5607357696825543,False
2,343,categorical__country_MKD,2.0968316863985052e-05,0.5607357696825543,False
2,344,categorical__country_MLI,2.0968316863985052e-05,0.5607357696825543,False
2,345,categorical__country_MMR,2.0968316863985052e-05,0.5607357696825543,False
2,346,categorical__country_NAM,2.0968316863985052e-05,0.5607357696825543,False
2,347,categorical__country_PRY,2.0968316863985052e-05,0.5607357696825543,False
2,348,categorical__country_RWA,2.0968316863985052e-05,0.5607357696825543,False
2,349,categorical__country_SMR,2.0968316863985052e-05,0.5607357696825543,False
2,350,categorical__country_STP,2.0968316863985052e-05,0.5607357696825543,False
2,351,categorical__country_SUR,2.0968316863985052e-05,0.5607357696825543,False
2,352,categorical__country_SYC,2.0968316863985052e-05,0.5607357696825543,False
2,353,categorical__country_SYR,2.0968316863985052e-05,0.5607357696825543,False
2,354,categorical__country_TMP,2.0968316863985052e-05,0.5607357696825543,False
2,355,categorical__country_UGA,2.0968316863985052e-05,0.5607357696825543,False
2,356,categorical__country_ZWE,2.0968316863985052e-05,0.5607357696825543,False
2,357,categorical__agent_103,2.0968316863985052e-05,0.5607357696825543,False
2,358,categorical__agent_114,2.0968316863985052e-05,0.5607357696825543,False
2,359,categorical__agent_117,2.0968316863985052e-05,0.5607357696825543,False
2,360,categorical__agent_144,2.0968316863985052e-05,0.5607357696825543,False
2,361,categorical__agent_158,2.0968316863985052e-05,0.5607357696825543,False
2,362,categorical__agent_163,2.0968316863985052e-05,0.5607357696825543,False
2,363,categorical__agent_211,2.0968316863985052e-05,0.5607357696825543,False
2,364,categorical__agent_213,2.0968316863985052e-05,0.5607357696825543,False
2,365,categorical__agent_216,2.0968316863985052e-05,0.5607357696825543,False
2,366,categorical__agent_267,2.0968316863985052e-05,0.5607357696825543,False
2,367,categorical__agent_300,2.0968316863985052e-05,0.5607357696825543,False
2,368,categorical__agent_301,2.0968316863985052e-05,0.5607357696825543,False
2,369,categorical__agent_303,2.0968316863985052e-05,0.5607357696825543,False
2,370,categorical__agent_304,2.0968316863985052e-05,0.5607357696825543,False
2,371,categorical__agent_333,2.0968316863985052e-05,0.5607357696825543,False
2,372,categorical__agent_335,2.0968316863985052e-05,0.5607357696825543,False
2,373,categorical__agent_352,2.0968316863985052e-05,0.5607357696825543,False
2,374,categorical__agent_355,2.0968316863985052e-05,0.5607357696825543,False
2,375,categorical__agent_367,2.0968316863985052e-05,0.5607357696825543,False
2,376,categorical__agent_406,2.0968316863985052e-05,0.5607357696825543,False
2,377,categorical__agent_54,2.0968316863985052e-05,0.5607357696825543,False
2,378,categorical__agent_57,2.0968316863985052e-05,0.5607357696825543,False
2,379,categorical__agent_70,2.0968316863985052e-05,0.5607357696825543,False
2,380,categorical__agent_90,2.0968316863985052e-05,0.5607357696825543,False
2,381,categorical__country_ECU,0.00010483279054489792,0.5510829734969802,False
2,382,categorical__agent_326,0.00010483279054489792,0.5510829734969802,False
2,383,categorical__agent_405,0.00010483279054489792,0.5510829734969802,False
2,384,categorical__country_PHL,0.0001257967105213693,0.5161923863263781,False
2,385,categorical__country_KOR,0.0008799121642575163,0.4520519320069545,False
2,386,categorical__reserved_room_type_H,0.003968190981095525,0.41714322124305664,False
2,387,categorical__country_GIB,0.00016772191234180382,0.4150674077448864,False
2,388,categorical__country_KAZ,0.00016772191234180382,0.4150674077448864,False
2,389,categorical__country_OMN,0.00023060311974118516,0.358035023678516,False
2,390,categorical__country_SGP,0.00029347641274304187,0.3292114848881028,False
2,391,categorical__agent_50,0.00039824764686274827,0.3150805087418131,False
2,392,categorical__agent_98,0.00035634179134737395,0.3136632485192058,False
2,393,categorical__country_SVN,0.0005448904407752222,0.30072115375000774,False
2,394,categorical__agent_155,0.0008380467601072687,0.28837128228175224,False
2,395,categorical__agent_139,8.38679911909238e-05,0.2075153923541852,False
2,396,categorical__agent_210,8.38679911909238e-05,0.2075153923541852,False
2,397,categorical__agent_39,0.000649608912244765,0.18147316108491457,False
2,398,categorical__country_MCO,4.1935754350467377e-05,0.17204845469113791,False
2,399,categorical__country_SEN,4.1935754350467377e-05,0.17204845469113791,False
2,400,categorical__country_ZMB,4.1935754350467377e-05,0.17204845469113791,False
2,401,categorical__agent_26,0.005878223539607903,0.1704479965589728,False
2,402,categorical__country_ARM,0.0001467597511203379,0.16458100968158731,False
2,403,categorical__country_KWT,0.0001467597511203379,0.16458100968158731,False
2,404,categorical__agent_99,0.0014238423247997498,0.15749508709765375,False
2,405,categorical__agent_79,0.0002096435966522274,0.15267594105850543,False
2,406,categorical__country_AZE,0.0001467597511203379,0.14602255075537382,False
2,407,categorical__country_IDN,0.0001467597511203379,0.14602255075537382,False
2,408,categorical__country_THA,0.0003772951587938124,0.06858060983886187,False
2,409,categorical__country_ZAF,0.00044014998486811163,0.061434323936501035,False
2,410,categorical__country_TUN,0.00044014998486811163,0.042870494848211295,False
2,411,categorical__country_ALB,0.00010483279054489792,0.036019762210918,False
2,412,categorical__agent_110,0.00025156176345264016,0.035098681877397425,False
2,413,categorical__reserved_room_type_L,0.0001257967105213693,0.01754712627551927,False
2,414,categorical__agent_153,0.00033538754452343267,0.01718404260462982,False
2,415,numeric__arrival_month_sin,1.000000000000202,0.015057277937410405,False
2,416,categorical__agent_192,0.00023060311974118516,0.0009075832706824698,False
2,417,categorical__agent_149,0.0005867804674955472,0.0005551656649063335,False
2,418,numeric__stays_in_week_nights,1.0000000000001918,0.0003157611672187419,False
2,419,missing__missingindicator_adr,0.0,,False
2,420,missing__missingindicator_total_nights,0.0,,False
2,421,missing__missingindicator_previous_cancellation_share,0.0,,False
3,1,categorical__deposit_type_Non Refund,0.11899339984424194,26783.39162752041,True
3,2,categorical__deposit_type_No Deposit,0.120337126118151,25918.206543205768,True
3,3,categorical__country_PRT,0.24861567607562302,13468.750870586919,True
3,4,numeric__previous_cancellation_share,1.0000000000000115,12745.434275774474,True
3,5,log_numeric__lead_time,0.9999999999999507,8739.76316931335,True
3,6,log_numeric__previous_cancellations,1.0000000000022606,8257.270539797359,True
3,7,numeric__has_booking_history,1.000000000001133,6727.154412095472,True
3,8,numeric__total_of_special_requests,0.9999999999993164,5011.885657189904,True
3,9,categorical__market_segment_Groups,0.14915336206663865,4958.9739078945795,True
3,10,categorical__agent_1,0.08465454184005297,4239.046956874823,True
3,11,numeric__required_car_parking_spaces,0.9999999999994437,3002.8155869145953,True
3,12,log_numeric__previous_bookings_total,0.9999999999989161,2422.944263826063,True
3,13,categorical__distribution_channel_TA/TO,0.1482716178207083,2142.0643714045423,True
3,14,categorical__market_segment_Direct,0.09077592990056431,1598.723939630005,True
3,15,categorical__distribution_channel_Direct,0.10604715001277153,1530.8124635601077,True
3,16,categorical__hotel_Resort Hotel,0.2252549570554536,1512.7104394098303,True
3,17,categorical__hotel_City Hotel,0.22525495705538848,1512.710439409822,True
3,18,categorical__country_GBR,0.0814529060334636,1374.4109895147155,True
3,19,categorical__agent_NoAgent,0.11282463708937757,1339.4268909324871,True
3,20,categorical__country_FRA,0.07333802723060501,1303.0353016023068,True
3,21,categorical__country_DEU,0.05369443851323709,1170.5506996729332,True
3,22,numeric__company_code_recorded,0.9999999999995178,765.2643965768665,True
3,23,categorical__customer_type_Transient,0.21264797175754951,706.1995951682492,True
3,24,categorical__customer_type_Transient-Party,0.18976343086397482,666.7899100523524,True
3,25,categorical__reserved_room_type_A,0.19166449590982715,651.3612805798638,True
3,26,categorical__country_ESP,0.06799328529568692,640.3660557063484,True
3,27,categorical__market_segment_Corporate,0.04423406129815112,596.7947777767954,True
3,28,log_numeric__previous_bookings_not_canceled,0.9999999999993869,536.9105547203774,True
3,29,categorical__agent_19,0.009959509926953974,508.4930148384657,True
3,30,categorical__agent_236,0.0034442437148801343,436.0309361162593,True
3,31,categorical__agent_7,0.025256130884105027,431.2058936734658,True
3,32,categorical__distribution_channel_Corporate,0.05583365576617234,425.9271410592586,True
3,33,categorical__agent_28,0.012993727905389012,419.3808296542677,True
3,34,categorical__agent_29,0.007719396113312288,394.1053628721912,True
3,35,categorical__agent_37,0.012516641682746944,328.94914291002897,True
3,36,log_numeric__adr,0.9999999999998288,301.78053490155673,True
3,37,categorical__reserved_room_type_D,0.12672596609161543,276.92935953206813,True
3,38,categorical__agent_250,0.021191466068892138,273.7754929970011,True
3,39,categorical__agent_21,0.0105487258468857,272.80815429889236,True
3,40,categorical__country_IRL,0.02476498189910084,242.58062606338228,True
3,41,categorical__country_NLD,0.01585971335370881,239.27034406853184,True
3,42,categorical__agent_241,0.012202866689095714,238.95217693756243,True
3,43,categorical__agent_14,0.023621321249482262,236.38638539692897,True
3,44,categorical__country_BEL,0.016874228762997618,221.7605387739705,True
3,45,categorical__agent_40,0.006560919283120371,201.6437907939892,True
3,46,numeric__arrival_month_cos,1.0000000000002842,200.9227526277823,True
3,47,categorical__reserved_room_type_E,0.045552176639349955,194.09556757691627,True
3,48,categorical__agent_68,0.002456644601921545,190.9312201140504,True
3,49,categorical__market_segment_Online TA,0.2430776929424997,188.82758940954005,True
3,50,categorical__meal_FB,0.009191073475349611,183.43480258767198,True
3,51,categorical__country_AUT,0.010110308500643385,180.63699247071258,True
3,52,categorical__agent_243,0.005233562429563142,177.4696756369744,True
3,53,categorical__agent_134,0.006063583379703615,172.4844739848372,True
3,54,categorical__agent_119,0.003708195992418321,170.76192045044698,True
3,55,categorical__agent_31,0.0016205148554769737,161.86579409341115,True
3,56,numeric__is_repeated_guest,1.000000000000302,161.30123979486717,True
3,57,categorical__country_USA,0.014313431337833096,158.73357870363924,True
3,58,categorical__agent_44,0.003235760482552125,143.63302963784813,True
3,59,categorical__country_CHE,0.012216513387608168,132.72434681752645,True
3,60,numeric__adults,0.9999999999978445,132.15675453800205,True
3,61,categorical__agent_41,0.0010483487426662824,131.519693493153,True
3,62,categorical__agent_27,0.004443736771719743,131.05335071561876,True
3,63,categorical__agent_314,0.007140503080161135,128.32681049662528,True
3,64,categorical__agent_3,0.014951550130126473,124.39801413238801,True
3,65,categorical__market_segment_Complementary,0.006008292507718991,115.7529423734742,True
3,66,categorical__country_CN,0.00857269001101355,111.85081042559592,True
3,67,categorical__agent_115,0.0030550037452442766,90.74980817040661,True
3,68,categorical__country_Unknown,0.004915013959825269,85.71497356258232,True
3,69,categorical__agent_58,0.0016065674162229486,83.78830174432709,True
3,70,log_numeric__total_guests,1.00000000000057,80.80904679050471,True
3,71,categorical__agent_154,0.0012717113972742276,79.57802084877495,True
3,72,categorical__customer_type_Group,0.004485338261935279,72.19470670159858,True
3,73,categorical__agent_22,0.003430347573851509,71.13264024612965,True
3,74,categorical__agent_12,0.007126711493530774,66.28745963704999,True
3,75,categorical__country_POL,0.007498946884634012,66.03563709310576,True
3,76,categorical__agent_162,0.0005174606671385586,64.78808823480148,True
3,77,categorical__agent_98,0.000936629822769669,60.581392495487066,True
3,78,categorical__agent_16,0.002261673752905625,58.94173715689824,True
3,79,numeric__babies,0.9999999999986128,57.81350192583012,True
3,80,categorical__agent_251,0.0018715018002438627,56.35514800296133,True
3,81,categorical__country_FIN,0.003374759093841821,56.31149159811957,True
3,82,categorical__agent_156,0.0026376202377636072,54.539743314842624,True
3,83,categorical__agent_96,0.005704080717204666,53.21350702920446,True
3,84,categorical__agent_138,0.0028741808293098114,52.51150144499277,True
3,85,categorical__reserved_room_type_F,0.022047399279867437,51.865356685362286,True
3,86,categorical__country_SWE,0.007925976220637926,51.001122460107204,True
3,87,categorical__agent_235,0.00040562270403191476,50.76421152605423,True
3,88,categorical__deposit_type_Refundable,0.0018575614096009562,50.52692510533213,True
3,89,numeric__arrival_date_week_number,0.9999999999997449,48.81215144082705,True
3,90,categorical__country_SRB,0.0011740025709527132,45.02643597301486,True
3,91,categorical__agent_36,0.0013973088366716964,42.63411083818031,True
3,92,categorical__agent_8,0.01283020952554961,42.5420010236309,True
3,93,categorical__agent_257,0.0003357112504312957,42.00367492478404,True
3,94,categorical__agent_11,0.0045962583392382406,41.36181385850828,True
3,95,categorical__agent_248,0.0018296794535466153,41.28647959549827,True
3,96,categorical__agent_78,0.00044756487711820653,40.71865661632342,True
3,97,categorical__agent_85,0.0035276123376724315,39.58383356540726,True
3,98,categorical__agent_192,0.0005733702505437199,38.416929666265354,True
3,99,categorical__country_NOR,0.0038331766783427867,37.96602438462702,True
3,100,categorical__agent_56,0.0036526388395691427,37.64291191741659,True
3,101,categorical__agent_152,0.0010623118455005795,37.46190548473964,True
3,102,categorical__agent_69,0.0009505960583200177,35.859392768600195,True
3,103,categorical__agent_252,0.00040562270403191476,35.589483751049606,True
3,104,categorical__country_ITA,0.02834990022835747,35.118081532962925,True
3,105,categorical__agent_64,0.0003217277849426519,34.93549623471101,True
3,106,categorical__agent_143,0.0015786713629463674,34.73919438278913,True
3,107,categorical__reserved_room_type_C,0.0059391701069742816,33.496824868868664,True
3,108,categorical__agent_60,0.00026579000709300957,33.24651009497149,True
3,109,categorical__country_DNK,0.002776787232541174,32.11842515633347,True
3,110,categorical__agent_196,0.003180150073530042,31.894121663215042,True
3,111,categorical__agent_89,0.0009645619022808619,30.634474832554083,True
3,112,categorical__country_ROU,0.003430347573851509,30.365053838857566,True
3,113,categorical__agent_177,0.002373095064777171,29.20108255285082,True
3,114,numeric__stays_in_weekend_nights,0.9999999999988235,28.558408158248316,True
3,115,log_numeric__total_nights,1.000000000000975,28.362608793580083,True
3,116,categorical__country_AUS,0.0024984140840353915,28.18749482684662,True
3,117,categorical__country_HKG,0.00022383256201595768,27.993828837691357,True
3,118,categorical__agent_55,0.00022383256201595768,27.993828837691357,True
3,119,categorical__agent_330,0.0008248858411446253,27.77983250608222,True
3,120,categorical__agent_298,0.0045962583392382406,26.71734317519693,True
3,121,categorical__agent_83,0.005136634824307523,26.285713345891754,True
3,122,categorical__agent_281,0.0011181603409426977,25.925608426627978,True
3,123,categorical__agent_208,0.002414871595502136,25.737740462849047,True
3,124,categorical__agent_35,0.0015228745573191275,25.505607559771537,True
3,125,categorical__agent_310,0.0003217277849426519,25.43311260032426,True
3,126,categorical__agent_171,0.004207928423615926,25.20039252472896,True
3,127,numeric__arrival_month_sin,1.0000000000000713,24.813055996765407,True
3,128,categorical__agent_53,0.00019585897401705647,24.492715090390725,True
3,129,categorical__agent_133,0.0007829753868083757,23.994956711577576,True
3,130,categorical__agent_308,0.0007270892987736147,23.807666970730548,True
3,131,categorical__country_AGO,0.0028324430659460065,23.453492680528775,True
3,132,categorical__agent_95,0.0016065674162229486,23.22493143831132,True
3,133,categorical__country_ARE,0.00043358454434561566,22.57139655036172,True
3,134,categorical__country_JPN,0.0014531197395211738,21.70463982974708,True
3,135,categorical__agent_168,0.0007410614081665638,21.634499973611046,True
3,136,categorical__agent_191,0.0027489569663017056,21.5881457324217,True
3,137,categorical__meal_SC,0.059307802038959564,21.52654783074214,True
3,138,categorical__country_ISR,0.005233562429563142,21.16360886193343,True
3,139,categorical__agent_201,0.0005873466674212438,20.9964028272133,True
3,140,categorical__agent_185,0.0010902368764006535,20.828289691412824,True
3,141,categorical__agent_146,0.0009086961769004474,20.72735141760824,True
3,142,categorical__agent_30,0.0033052646830657993,20.197435019473694,True
3,143,categorical__agent_170,0.00015389565509740455,19.24205479468428,True
3,144,categorical__country_NZL,0.0006711969453067464,18.846585909881785,True
3,145,categorical__agent_132,0.0010902368764006535,18.733547042044727,True
3,146,categorical__agent_245,0.0005174606671385586,18.37164358425655,True
3,147,categorical__agent_91,0.0006572228779662631,18.291029500359056,True
3,148,categorical__agent_4,0.0006572228779662631,17.77722253773771,True
3,149,categorical__country_LTU,0.0006432484190362716,17.73624750615668,True
3,150,categorical__country_CZE,0.0015368243461101932,17.385629822225958,True
3,151,categorical__agent_121,0.000419603819983519,17.167561804745382,True
3,152,categorical__reserved_room_type_B,0.011847915079843105,17.048515384162688,True
3,153,categorical__agent_63,0.00040562270403191476,16.594944498752522,True
3,154,categorical__agent_350,0.00039164119649080456,16.02235239765021,True
3,155,categorical__agent_2,0.001941197879615812,15.869581815358284,True
3,156,categorical__agent_175,0.0018296794535466153,15.505674457683545,True
3,157,categorical__agent_220,0.00037765929736018733,15.449785499774318,True
3,158,categorical__meal_Undefined,0.008435163776268854,15.30347260690868,True
3,159,categorical__agent_34,0.003110628251488592,15.095806793442113,True
3,160,categorical__country_SAU,0.00039164119649080456,14.86691517083536,True
3,161,categorical__agent_313,0.0005034822923135013,14.790643824972532,True
3,162,categorical__agent_17,0.0033191643484000192,14.703624010828774,True
3,163,categorical__agent_104,0.000419603819983519,14.165305107288054,True
3,164,categorical__country_TJK,0.00011192881187219248,13.992606516127609,True
3,165,categorical__agent_287,0.00011192881187219248,13.992606516127609,True
3,166,categorical__country_CHN,0.006947385232690919,13.29760857003398,True
3,167,categorical__agent_249,0.0007131167977911565,13.131962137285957,True
3,168,categorical__country_BRA,0.012816580448564593,13.066590303657058,True
3,169,categorical__agent_127,0.00039164119649080456,13.030570288029184,True
3,170,categorical__agent_334,0.00039164119649080456,13.030570288029184,True
3,171,categorical__market_segment_Offline TA/TO,0.18533011370161753,12.968546847320342,True
3,172,categorical__agent_10,0.0023034596817787453,12.740296481697378,True
3,173,categorical__agent_23,0.0003077439278645012,12.587329000556991,True
3,174,categorical__agent_24,0.0003077439278645012,12.587329000556991,True
3,175,categorical__agent_359,0.00029375967919684405,12.014913287101146,True
3,176,numeric__children,0.9999999999994688,11.938684315164114,True
3,177,categorical__agent_5,0.003624857913607534,11.630613062899862,True
3,178,categorical__agent_74,0.00027977503893968016,11.442522765226926,True
3,179,categorical__distribution_channel_GDS,0.0010343852482424772,11.330988238821003,True
3,180,categorical__country_LUX,0.001773910842363862,11.297056959881948,True
3,181,categorical__agent_82,0.0010762745567453676,10.98818780697783,True
3,182,categorical__agent_159,0.00040562270403191476,10.898968587017448,True
3,183,categorical__agent_71,0.000992492415434027,10.564098397908282,True
3,184,categorical__agent_94,0.0008528241860879262,10.54051364663959,True
3,185,categorical__country_ARG,0.0016484085592165154,10.514589770596556,True
3,186,categorical__agent_223,0.0002518045836568321,10.29781728957167,True
3,187,categorical__agent_195,0.0010483487426662824,10.181547846164797,True
3,188,categorical__market_segment_Aviation,0.0016344619031414946,10.153415511985843,True
3,189,categorical__agent_387,0.00044756487711820653,10.089945736315219,True
3,190,categorical__country_LVA,0.00037765929736018733,9.798321866350351,True
3,191,categorical__country_MEX,0.0006013226927092607,9.352336641848103,True
3,192,categorical__agent_6,0.0332370913621442,8.91487028702376,True
3,193,categorical__agent_305,0.0006292735685167753,8.906401389891458,True
3,194,categorical__agent_38,0.0029298256982084516,8.754743770693247,True
3,195,categorical__agent_9,0.1767051926989885,8.732306168665783,True
3,196,categorical__agent_47,0.00034969432433043274,8.70483750891743,True
3,197,categorical__agent_112,0.00020984596381126046,8.580947971381809,True
3,198,categorical__agent_173,0.00040562270403191476,8.498539411575333,True
3,199,categorical__country_DZA,0.000936629822769669,8.35400275439555,True
3,200,categorical__agent_339,0.000936629822769669,8.35400275439555,True
3,201,categorical__agent_20,0.003597075421287897,8.234242671818956,True
3,202,categorical__agent_256,0.0003357112504312957,8.16133290524459,True
3,203,categorical__agent_42,0.0010762745567453676,8.10868328005949,True
3,204,categorical__agent_86,0.0021502273793056587,8.098603954258047,True
3,205,categorical__agent_111,0.00019585897401705647,8.008708564080356,True
3,206,categorical__agent_193,0.00019585897401705647,8.008708564080356,True
3,207,categorical__agent_288,0.00019585897401705647,8.008708564080356,True
3,208,categorical__country_GEO,0.00016788381966012853,7.733796284841397,True
3,209,categorical__agent_187,0.0003217277849426519,7.620357677069818,True
3,210,categorical__agent_157,0.0006572228779662631,7.617415165544336,True
3,211,categorical__agent_205,0.0001818715926333458,7.4364943367229035,True
3,212,categorical__agent_306,0.0002518045836568321,7.3926935859644285,True
3,213,categorical__agent_182,9.79390809514418e-05,7.3614171753619475,True
3,214,categorical__country_NGA,0.00022383256201595768,7.244418321971863,True
3,215,categorical__reserved_room_type_G,0.015954494656878076,7.2272418578214435,True
3,216,categorical__agent_128,0.0003077439278645012,7.082253306863847,True
3,217,missing__missingindicator_children,5.596753865214965e-05,6.995226779507347,True
3,218,missing__missingindicator_total_guests,5.596753865214965e-05,6.995226779507347,True
3,219,categorical__agent_242,0.006132688158920535,6.895001606424101,True
3,220,categorical__country_IRQ,0.00016788381966012853,6.864305287647516,True
3,221,categorical__country_GRC,0.0009785273546521988,6.769948752129484,True
3,222,categorical__agent_253,0.0009785273546521988,6.769948752129484,True
3,223,categorical__country_UKR,0.0006292735685167753,6.7341880782717185,True
3,224,numeric__arrival_date_year,1.0000000000016271,6.295565369346711,True
3,225,categorical__agent_88,0.00015389565509740455,6.292141415192408,True
3,226,categorical__agent_77,0.00022383256201595768,6.278277665921527,True
3,227,categorical__agent_67,0.0013833551319855585,6.274021570003762,True
3,228,categorical__country_EST,0.0006572228779662631,6.035061532081981,True
3,229,categorical__agent_15,0.004138551489691861,5.875921757387349,True
3,230,categorical__country_RUS,0.004554666247170958,5.837214999809572,True
3,231,categorical__agent_273,0.0034442437148801343,5.77333318210399,True
3,232,categorical__agent_215,0.00020984596381126046,5.724107490633608,True
3,233,categorical__agent_32,0.00020984596381126046,5.724107490633608,True
3,234,categorical__country_BOL,0.00013990709894517382,5.7200027176959365,True
3,235,categorical__country_PAK,8.394895844118441e-05,5.715202774416106,True
3,236,categorical__country_JEY,4.197624137337226e-05,5.246218283719493,True
3,237,categorical__country_MYS,0.00019585897401705647,5.172533937208589,True
3,238,categorical__agent_129,0.00019585897401705647,5.172533937208589,True
3,239,categorical__country_PRI,0.00012591815120343653,5.147889193496609,True
3,240,categorical__agent_328,0.00012591815120343653,5.147889193496609,True
3,241,categorical__country_BGR,0.0005733702505437199,5.044529753544363,True
3,242,categorical__country_IND,0.0011879621494814468,5.013115146072071,True
3,243,categorical__country_ISL,0.0003077439278645012,4.919430613280669,True
3,244,categorical__agent_174,0.0003077439278645012,4.919430613280669,True
3,245,categorical__country_CPV,0.00019585897401705647,4.710585388907659,True
3,246,categorical__country_CRI,0.0001818715926333458,4.624150417248291,True
3,247,categorical__country_PER,0.0001818715926333458,4.624150417248291,True
3,248,categorical__agent_261,0.00040562270403191476,4.592498127995804,True
3,249,categorical__country_GNB,0.00011192881187219248,4.575800840933079,True
3,250,categorical__agent_344,0.00011192881187219248,4.575800840933079,True
3,251,categorical__country_EGY,0.00034969432433043274,4.488969820694405,True
3,252,categorical__country_CHL,0.0006013226927092607,4.43865672989776,True
3,253,categorical__agent_45,0.00029375967919684405,4.431442883404821,True
3,254,categorical__agent_147,0.0016065674162229486,4.421619773565953,True
3,255,categorical__meal_BB,0.16746821161946734,4.2767319036573515,True
3,256,categorical__distribution_channel_Undefined,6.995844434142037e-05,4.110264114603834,True
3,257,categorical__country_JOR,0.00016788381966012853,4.07974814777234,True
3,258,categorical__agent_336,0.00016788381966012853,4.07974814777234,True
3,259,categorical__agent_348,0.00016788381966012853,4.07974814777234,True
3,260,categorical__customer_type_Contract,0.045387643846892305,4.056089280886473,True
3,261,categorical__country_SVK,0.0003357112504312957,4.032034139113179,True
3,262,categorical__country_CMR,9.79390809514418e-05,4.003737658344144,True
3,263,categorical__country_LBY,9.79390809514418e-05,4.003737658344144,True
3,264,categorical__agent_418,9.79390809514418e-05,4.003737658344144,True
3,265,categorical__agent_92,9.79390809514418e-05,4.003737658344144,True
3,266,categorical__agent_66,0.00027977503893968016,3.9518950417725223,True
3,267,categorical__agent_79,0.00027977503893968016,3.9518950417725223,True
3,268,categorical__agent_52,0.0006711969453067464,3.762974836644672,True
3,269,categorical__meal_HB,0.11429251662059552,3.743253879374109,True
3,270,categorical__agent_332,0.000419603819983519,3.7259439852760354,True
3,271,categorical__country_QAT,9.79390809514418e-05,3.715056840399015,True
3,272,categorical__country_GGY,2.7984552505088174e-05,3.49734433222148,True
3,273,categorical__country_KHM,2.7984552505088174e-05,3.49734433222148,True
3,274,categorical__country_MAC,2.7984552505088174e-05,3.49734433222148,True
3,275,categorical__market_segment_Undefined,2.7984552505088174e-05,3.49734433222148,True
3,276,categorical__agent_385,0.000419603819983519,3.4801337791470504,True
3,277,categorical__agent_275,8.394895844118441e-05,3.4316996440687495,True
3,278,categorical__agent_325,8.394895844118441e-05,3.4316996440687495,True
3,279,categorical__agent_360,8.394895844118441e-05,3.4316996440687495,True
3,280,categorical__agent_72,8.394895844118441e-05,3.4316996440687495,True
3,281,categorical__country_IRN,0.0006572228779662631,3.4225108387865513,True
3,282,categorical__country_HUN,0.0014531197395211738,3.249450750131696,True
3,283,categorical__country_HRV,0.0006013226927092607,3.203082899055303,True
3,284,categorical__agent_150,6.995844434142037e-05,2.859686796445984,True
3,285,categorical__agent_363,6.995844434142037e-05,2.859686796445984,True
3,286,categorical__agent_436,6.995844434142037e-05,2.859686796445984,True
3,287,categorical__agent_468,6.995844434142037e-05,2.859686796445984,True
3,288,categorical__agent_151,0.0004895035258989375,2.7676048724273077,True
3,289,categorical__agent_181,0.00029375967919684405,2.7271972097355976,True
3,290,categorical__agent_214,5.596753865214965e-05,2.5774575371446016,True
3,291,categorical__agent_324,0.00012591815120343653,2.4836158390870247,True
3,292,categorical__country_CYP,0.0001818715926333458,2.4768588190564054,True
3,293,categorical__agent_393,0.0001818715926333458,2.4768588190564054,True
3,294,categorical__country_BGD,8.394895844118441e-05,2.3777034120361944,True
3,295,categorical__agent_327,0.00027977503893968016,2.3197267871717395,True
3,296,categorical__country_BRB,5.596753865214965e-05,2.287699113815083,True
3,297,categorical__country_DOM,5.596753865214965e-05,2.287699113815083,True
3,298,categorical__country_PAN,5.596753865214965e-05,2.287699113815083,True
3,299,categorical__agent_148,5.596753865214965e-05,2.287699113815083,True
3,300,categorical__agent_295,5.596753865214965e-05,2.287699113815083,True
3,301,categorical__agent_430,5.596753865214965e-05,2.287699113815083,True
3,302,categorical__agent_75,0.00046154481830129027,2.1022186516853685,True
3,303,categorical__country_BIH,0.00011192881187219248,1.971622346660276,True
3,304,categorical__country_BEN,1.3992472047297426e-05,1.7486049094889662,True
3,305,categorical__country_GHA,1.3992472047297426e-05,1.7486049094889662,True
3,306,categorical__country_HND,1.3992472047297426e-05,1.7486049094889662,True
3,307,categorical__country_IMN,1.3992472047297426e-05,1.7486049094889662,True
3,308,categorical__country_NIC,1.3992472047297426e-05,1.7486049094889662,True
3,309,categorical__country_UZB,1.3992472047297426e-05,1.7486049094889662,True
3,310,categorical__country_VGB,1.3992472047297426e-05,1.7486049094889662,True
3,311,categorical__agent_107,1.3992472047297426e-05,1.7486049094889662,True
3,312,categorical__agent_179,1.3992472047297426e-05,1.7486049094889662,True
3,313,categorical__agent_331,1.3992472047297426e-05,1.7486049094889662,True
3,314,categorical__agent_93,1.3992472047297426e-05,1.7486049094889662,True
3,315,categorical__country_CUB,4.197624137337226e-05,1.7157365945154333,True
3,316,categorical__country_JAM,4.197624137337226e-05,1.7157365945154333,True
3,317,categorical__country_LKA,4.197624137337226e-05,1.7157365945154333,True
3,318,categorical__country_SUR,4.197624137337226e-05,1.7157365945154333,True
3,319,categorical__agent_163,4.197624137337226e-05,1.7157365945154333,True
3,320,categorical__agent_167,4.197624137337226e-05,1.7157365945154333,True
3,321,categorical__agent_180,4.197624137337226e-05,1.7157365945154333,True
3,322,categorical__agent_258,4.197624137337226e-05,1.7157365945154333,True
3,323,categorical__agent_290,4.197624137337226e-05,1.7157365945154333,True
3,324,categorical__agent_321,4.197624137337226e-05,1.7157365945154333,True
3,325,categorical__agent_426,4.197624137337226e-05,1.7157365945154333,True
3,326,categorical__agent_307,0.0001818715926333458,1.713289382766982,True
3,327,categorical__country_KAZ,0.00015389565509740455,1.574548804212394,True
3,328,categorical__country_LBN,0.0002518045836568321,1.5597119383401834,True
3,329,categorical__country_COL,0.0004755243678948675,1.4438243388550878,True
3,330,categorical__country_IDN,0.00012591815120343653,1.4296033227945457,True
3,331,categorical__agent_375,0.0005174606671385586,1.3998159049162229,True
3,332,categorical__country_TUN,0.000419603819983519,1.3714613645735878,True
3,333,categorical__country_BLR,0.00019585897401705647,1.3528260253886157,True
3,334,categorical__country_OMN,0.00019585897401705647,1.3528260253886157,True
3,335,categorical__country_URY,0.00019585897401705647,1.3528260253886157,True
3,336,categorical__country_MAR,0.0018575614096009562,1.3282616616798246,True
3,337,categorical__country_ZAF,0.0004895035258989375,1.317507684577261,True
3,338,categorical__agent_26,0.005219716803580911,1.2608469543594854,True
3,339,categorical__agent_13,0.0011460822391267185,1.2323610548141615,True
3,340,categorical__country_AND,4.197624137337226e-05,1.188782021283276,True
3,341,categorical__country_MDV,4.197624137337226e-05,1.188782021283276,True
3,342,categorical__country_MKD,4.197624137337226e-05,1.188782021283276,True
3,343,categorical__agent_126,0.00013990709894517382,1.1596822507207494,True
3,344,categorical__country_CIV,2.7984552505088174e-05,1.1437992368865615,True
3,345,categorical__country_LIE,2.7984552505088174e-05,1.1437992368865615,True
3,346,categorical__country_RWA,2.7984552505088174e-05,1.1437992368865615,True
3,347,categorical__country_TMP,2.7984552505088174e-05,1.1437992368865615,True
3,348,categorical__country_UGA,2.7984552505088174e-05,1.1437992368865615,True
3,349,categorical__agent_106,2.7984552505088174e-05,1.1437992368865615,True
3,350,categorical__agent_122,2.7984552505088174e-05,1.1437992368865615,True
3,351,categorical__agent_135,2.7984552505088174e-05,1.1437992368865615,True
3,352,categorical__agent_232,2.7984552505088174e-05,1.1437992368865615,True
3,353,categorical__agent_269,2.7984552505088174e-05,1.1437992368865615,True
3,354,categorical__agent_282,2.7984552505088174e-05,1.1437992368865615,True
3,355,categorical__agent_303,2.7984552505088174e-05,1.1437992368865615,True
3,356,categorical__agent_341,2.7984552505088174e-05,1.1437992368865615,True
3,357,categorical__agent_384,2.7984552505088174e-05,1.1437992368865615,True
3,358,categorical__agent_414,2.7984552505088174e-05,1.1437992368865615,True
3,359,categorical__agent_427,2.7984552505088174e-05,1.1437992368865615,True
3,360,categorical__agent_438,2.7984552505088174e-05,1.1437992368865615,True
3,361,categorical__agent_454,2.7984552505088174e-05,1.1437992368865615,True
3,362,categorical__agent_455,2.7984552505088174e-05,1.1437992368865615,True
3,363,categorical__agent_61,2.7984552505088174e-05,1.1437992368865615,True
3,364,categorical__agent_81,8.394895844118441e-05,1.0077119830605787,True
3,365,categorical__agent_184,0.00036367700664006363,1.0054749285731308,True
3,366,categorical__country_SVN,0.0005314386503741089,0.9080249190581912,True
3,367,categorical__reserved_room_type_H,0.004887304303153821,0.8517319208347552,False
3,368,categorical__country_TWN,0.0003077439278645012,0.7890057220564132,False
3,369,categorical__country_KWT,0.00012591815120343653,0.7797492362700678,False
3,370,categorical__agent_142,0.0019133206226355495,0.7413259545251522,False
3,371,categorical__agent_234,0.0017878535825438069,0.6637725315913997,False
3,372,categorical__country_MUS,6.995844434142037e-05,0.5797958502520817,False
3,373,categorical__agent_326,6.995844434142037e-05,0.5797958502520817,False
3,374,categorical__agent_405,6.995844434142037e-05,0.5797958502520817,False
3,375,categorical__agent_87,0.0006711969453067464,0.5794768988449711,False
3,376,categorical__country_ABW,1.3992472047297426e-05,0.5718870392681433,False
3,377,categorical__country_AIA,1.3992472047297426e-05,0.5718870392681433,False
3,378,categorical__country_ATA,1.3992472047297426e-05,0.5718870392681433,False
3,379,categorical__country_BDI,1.3992472047297426e-05,0.5718870392681433,False
3,380,categorical__country_BFA,1.3992472047297426e-05,0.5718870392681433,False
3,381,categorical__country_BHR,1.3992472047297426e-05,0.5718870392681433,False
3,382,categorical__country_BWA,1.3992472047297426e-05,0.5718870392681433,False
3,383,categorical__country_CAF,1.3992472047297426e-05,0.5718870392681433,False
3,384,categorical__country_COM,1.3992472047297426e-05,0.5718870392681433,False
3,385,categorical__country_CYM,1.3992472047297426e-05,0.5718870392681433,False
3,386,categorical__country_DMA,1.3992472047297426e-05,0.5718870392681433,False
3,387,categorical__country_ETH,1.3992472047297426e-05,0.5718870392681433,False
3,388,categorical__country_GUY,1.3992472047297426e-05,0.5718870392681433,False
3,389,categorical__country_KEN,1.3992472047297426e-05,0.5718870392681433,False
3,390,categorical__country_KNA,1.3992472047297426e-05,0.5718870392681433,False
3,391,categorical__country_LCA,1.3992472047297426e-05,0.5718870392681433,False
3,392,categorical__country_MLI,1.3992472047297426e-05,0.5718870392681433,False
3,393,categorical__country_MMR,1.3992472047297426e-05,0.5718870392681433,False
3,394,categorical__country_NAM,1.3992472047297426e-05,0.5718870392681433,False
3,395,categorical__country_PLW,1.3992472047297426e-05,0.5718870392681433,False
3,396,categorical__country_PRY,1.3992472047297426e-05,0.5718870392681433,False
3,397,categorical__country_PYF,1.3992472047297426e-05,0.5718870392681433,False
3,398,categorical__country_SLV,1.3992472047297426e-05,0.5718870392681433,False
3,399,categorical__country_SMR,1.3992472047297426e-05,0.5718870392681433,False
3,400,categorical__country_STP,1.3992472047297426e-05,0.5718870392681433,False
3,401,categorical__country_SYC,1.3992472047297426e-05,0.5718870392681433,False
3,402,categorical__country_SYR,1.3992472047297426e-05,0.5718870392681433,False
3,403,categorical__country_ZWE,1.3992472047297426e-05,0.5718870392681433,False
3,404,categorical__agent_114,1.3992472047297426e-05,0.5718870392681433,False
3,405,categorical__agent_117,1.3992472047297426e-05,0.5718870392681433,False
3,406,categorical__agent_144,1.3992472047297426e-05,0.5718870392681433,False
3,407,categorical__agent_158,1.3992472047297426e-05,0.5718870392681433,False
3,408,categorical__agent_211,1.3992472047297426e-05,0.5718870392681433,False
3,409,categorical__agent_213,1.3992472047297426e-05,0.5718870392681433,False
3,410,categorical__agent_216,1.3992472047297426e-05,0.5718870392681433,False
3,411,categorical__agent_219,1.3992472047297426e-05,0.5718870392681433,False
3,412,categorical__agent_227,1.3992472047297426e-05,0.5718870392681433,False
3,413,categorical__agent_247,1.3992472047297426e-05,0.5718870392681433,False
3,414,categorical__agent_265,1.3992472047297426e-05,0.5718870392681433,False
3,415,categorical__agent_267,1.3992472047297426e-05,0.5718870392681433,False
3,416,categorical__agent_278,1.3992472047297426e-05,0.5718870392681433,False
3,417,categorical__agent_280,1.3992472047297426e-05,0.5718870392681433,False
3,418,categorical__agent_283,1.3992472047297426e-05,0.5718870392681433,False
3,419,categorical__agent_285,1.3992472047297426e-05,0.5718870392681433,False
3,420,categorical__agent_289,1.3992472047297426e-05,0.5718870392681433,False
3,421,categorical__agent_294,1.3992472047297426e-05,0.5718870392681433,False
3,422,categorical__agent_300,1.3992472047297426e-05,0.5718870392681433,False
3,423,categorical__agent_301,1.3992472047297426e-05,0.5718870392681433,False
3,424,categorical__agent_304,1.3992472047297426e-05,0.5718870392681433,False
3,425,categorical__agent_333,1.3992472047297426e-05,0.5718870392681433,False
3,426,categorical__agent_335,1.3992472047297426e-05,0.5718870392681433,False
3,427,categorical__agent_346,1.3992472047297426e-05,0.5718870392681433,False
3,428,categorical__agent_352,1.3992472047297426e-05,0.5718870392681433,False
3,429,categorical__agent_355,1.3992472047297426e-05,0.5718870392681433,False
3,430,categorical__agent_367,1.3992472047297426e-05,0.5718870392681433,False
3,431,categorical__agent_406,1.3992472047297426e-05,0.5718870392681433,False
3,432,categorical__agent_420,1.3992472047297426e-05,0.5718870392681433,False
3,433,categorical__agent_429,1.3992472047297426e-05,0.5718870392681433,False
3,434,categorical__agent_431,1.3992472047297426e-05,0.5718870392681433,False
3,435,categorical__agent_432,1.3992472047297426e-05,0.5718870392681433,False
3,436,categorical__agent_433,1.3992472047297426e-05,0.5718870392681433,False
3,437,categorical__agent_434,1.3992472047297426e-05,0.5718870392681433,False
3,438,categorical__agent_441,1.3992472047297426e-05,0.5718870392681433,False
3,439,categorical__agent_446,1.3992472047297426e-05,0.5718870392681433,False
3,440,categorical__agent_450,1.3992472047297426e-05,0.5718870392681433,False
3,441,categorical__agent_451,1.3992472047297426e-05,0.5718870392681433,False
3,442,categorical__agent_464,1.3992472047297426e-05,0.5718870392681433,False
3,443,categorical__agent_54,1.3992472047297426e-05,0.5718870392681433,False
3,444,categorical__agent_59,1.3992472047297426e-05,0.5718870392681433,False
3,445,categorical__agent_70,1.3992472047297426e-05,0.5718870392681433,False
3,446,categorical__agent_90,1.3992472047297426e-05,0.5718870392681433,False
3,447,categorical__country_TUR,0.0022059536988216894,0.5588787143815459,False
3,448,categorical__agent_118,0.0009645619022808619,0.5257106598665768,False
3,449,categorical__agent_315,0.003249662105833875,0.5086844653859909,False
3,450,numeric__arrival_date_day_of_month,0.9999999999997956,0.5057232211459375,False
3,451,categorical__country_KOR,0.0008667927711753152,0.45602154550521734,False
3,452,categorical__country_MLT,0.00011192881187219248,0.4478407959715537,False
3,453,categorical__agent_105,0.00019585897401705647,0.36909474059571074,False
3,454,categorical__country_MOZ,0.00044756487711820653,0.364331188467049,False
3,455,categorical__country_SGP,0.00023781876863114839,0.3569526941777532,False
3,456,numeric__stays_in_week_nights,0.9999999999995313,0.3335848560694332,False
3,457,categorical__country_TZA,5.596753865214965e-05,0.32048746442809856,False
3,458,categorical__agent_50,0.00026579000709300957,0.26892225870270925,False
3,459,categorical__country_AZE,0.00012591815120343653,0.2527642208689279,False
3,460,categorical__country_VNM,5.596753865214965e-05,0.22390716269462804,False
3,461,categorical__agent_103,5.596753865214965e-05,0.22390716269462804,False
3,462,categorical__agent_139,5.596753865214965e-05,0.22390716269462804,False
3,463,categorical__agent_210,5.596753865214965e-05,0.22390716269462804,False
3,464,categorical__agent_244,5.596753865214965e-05,0.22390716269462804,False
3,465,categorical__agent_270,5.596753865214965e-05,0.22390716269462804,False
3,466,categorical__country_THA,0.00037765929736018733,0.22166848547141357,False
3,467,categorical__agent_153,0.00026579000709300957,0.18944588149886393,False
3,468,categorical__country_ARM,9.79390809514418e-05,0.1845288157861377,False
3,469,categorical__country_ECU,9.79390809514418e-05,0.1845288157861377,False
3,470,categorical__agent_183,0.0006292735685167753,0.18085154403072137,False
3,471,categorical__country_MCO,2.7984552505088174e-05,0.16023888830018299,False
3,472,categorical__country_ZMB,2.7984552505088174e-05,0.16023888830018299,False
3,473,categorical__country_GIB,0.00016788381966012853,0.14479535588621414,False
3,474,categorical__country_PHL,9.79390809514418e-05,0.12679863625252788,False
3,475,categorical__agent_39,0.0011740025709527132,0.10660449123339799,False
3,476,categorical__agent_99,0.0009505960583200177,0.1009657025300178,False
3,477,categorical__country_VEN,0.0002518045836568321,0.048871493906790894,False
3,478,categorical__agent_110,0.00016788381966012853,0.04820471595275053,False
3,479,categorical__agent_368,0.0006292735685167753,0.037881703265081244,False
3,480,categorical__country_ALB,6.995844434142037e-05,0.02827330968169985,False
3,481,categorical__reserved_room_type_L,8.394895844118441e-05,0.0241003261398401,False
3,482,categorical__agent_57,8.394895844118441e-05,0.0241003261398401,False
3,483,categorical__agent_240,0.10060270410301769,0.012756349993691523,False
3,484,categorical__country_GAB,4.197624137337226e-05,0.012049655175015231,False
3,485,categorical__country_SEN,4.197624137337226e-05,0.012049655175015231,False
3,486,categorical__agent_149,0.00039164119649080456,0.005400894104189515,False
3,487,categorical__agent_155,0.0006152983264077714,6.651047397517256e-06,False
3,488,missing__missingindicator_adr,0.0,,False
3,489,missing__missingindicator_total_nights,0.0,,False
3,490,missing__missingindicator_previous_cancellation_share,0.0,,False
