candidate,family,fold,train_rows,validation_rows,training_canceled,validation_canceled,validation_membership_sha256,f1,accuracy,precision,recall,roc_auc,tn,fp,fn,tp,training_f1
lr_01,logistic_regression,1,23797,23893,8561,8573,b9526fb1f5404cb5fd294a9b8fdfd818aade4e6dc39eb3e8a381bb79a4896a89,0.6878277670438863,0.8106558406227765,0.8420341273863828,0.5813600839846028,0.8855857839248182,14385,935,3589,4984,0.8308337153710131
lr_01,logistic_regression,2,47690,23776,17134,8867,86a2d2f9e0eec55f4bc275da566014ebecb728ce115edf3378c1d1227ed8a0d3,0.6910148674854557,0.798956931359354,0.8094805391488717,0.6027968873350625,0.8862191086055144,13651,1258,3522,5345,0.78357459762298
lr_01,logistic_regression,3,71466,23949,26001,8472,bf1fe269d30f76b1f9de507830d2e7f579f9130510ef346f7f38f0c1ff4d8e62,0.7247549019607843,0.8124347571923671,0.7535677879714577,0.6980642115203022,0.8799684244670716,13543,1934,2558,5914,0.773378796489234
lr_02,logistic_regression,1,23797,23893,8561,8573,b9526fb1f5404cb5fd294a9b8fdfd818aade4e6dc39eb3e8a381bb79a4896a89,0.709078779792589,0.7992298999707027,0.7385042950985347,0.6819083168085851,0.8846527511079016,13250,2070,2727,5846,0.8356908385556551
lr_02,logistic_regression,2,47690,23776,17134,8867,86a2d2f9e0eec55f4bc275da566014ebecb728ce115edf3378c1d1227ed8a0d3,0.73937741422404,0.8070323014804845,0.7448781046125672,0.7339573700236833,0.8857749796908961,12680,2229,2359,6508,0.8106314209858017
lr_02,logistic_regression,3,71466,23949,26001,8472,bf1fe269d30f76b1f9de507830d2e7f579f9130510ef346f7f38f0c1ff4d8e62,0.7317280603837771,0.7892605119211659,0.6656029397543758,0.8124409820585458,0.8800795202030879,12019,3458,1589,6883,0.7992065404794126
lr_03,logistic_regression,1,23797,23893,8561,8573,b9526fb1f5404cb5fd294a9b8fdfd818aade4e6dc39eb3e8a381bb79a4896a89,0.6946462200699489,0.8099861884233877,0.8203335980937252,0.6023562346903067,0.8823323246917352,14189,1131,3409,5164,0.8465473145780051
lr_03,logistic_regression,2,47690,23776,17134,8867,86a2d2f9e0eec55f4bc275da566014ebecb728ce115edf3378c1d1227ed8a0d3,0.7051790321565666,0.8029525572005384,0.7976936218678815,0.6318935378369234,0.888657532400446,13488,1421,3264,5603,0.8001016809125862
lr_03,logistic_regression,3,71466,23949,26001,8472,bf1fe269d30f76b1f9de507830d2e7f579f9130510ef346f7f38f0c1ff4d8e62,0.7307276007215875,0.8130193327487578,0.7447903898014219,0.7171860245514636,0.8848473782382495,13395,2082,2396,6076,0.7874329057260688
lr_04,logistic_regression,1,23797,23893,8561,8573,b9526fb1f5404cb5fd294a9b8fdfd818aade4e6dc39eb3e8a381bb79a4896a89,0.71001221001221,0.8011970033064078,0.7448443704367875,0.6782923130759361,0.8817098028329271,13328,1992,2758,5815,0.8497361248042684
lr_04,logistic_regression,2,47690,23776,17134,8867,86a2d2f9e0eec55f4bc275da566014ebecb728ce115edf3378c1d1227ed8a0d3,0.7509859467866467,0.8114485195154778,0.7399299474605955,0.7623773542348032,0.8882408925338361,12533,2376,2107,6760,0.8212753788961967
lr_04,logistic_regression,3,71466,23949,26001,8472,bf1fe269d30f76b1f9de507830d2e7f579f9130510ef346f7f38f0c1ff4d8e62,0.7340922205319205,0.7883418931896947,0.6606552733452932,0.8258970727101038,0.8847833458500026,11883,3594,1475,6997,0.8035720916416026
lr_05,logistic_regression,1,23797,23893,8561,8573,b9526fb1f5404cb5fd294a9b8fdfd818aade4e6dc39eb3e8a381bb79a4896a89,0.6936912751677853,0.8089817101243042,0.8168168168168168,0.6028228158171002,0.8751660558271019,14161,1159,3405,5168,0.8502397173858188
lr_05,logistic_regression,2,47690,23776,17134,8867,86a2d2f9e0eec55f4bc275da566014ebecb728ce115edf3378c1d1227ed8a0d3,0.7141172820353707,0.8062331763122477,0.7938741721854304,0.6489229728205707,0.8880000872629767,13415,1494,3113,5754,0.8028298013454189
lr_05,logistic_regression,3,71466,23949,26001,8472,bf1fe269d30f76b1f9de507830d2e7f579f9130510ef346f7f38f0c1ff4d8e62,0.7330198226084886,0.8127270449705625,0.7394019454785637,0.7267469310670444,0.8855482186763106,13307,2170,2315,6157,0.7905182373328932
lr_06,logistic_regression,1,23797,23893,8561,8573,b9526fb1f5404cb5fd294a9b8fdfd818aade4e6dc39eb3e8a381bb79a4896a89,0.7151315387902094,0.8046708240907379,0.7500640204865557,0.6833080601889654,0.8745430542912215,13368,1952,2715,5858,0.8510662824207493
lr_06,logistic_regression,2,47690,23776,17134,8867,86a2d2f9e0eec55f4bc275da566014ebecb728ce115edf3378c1d1227ed8a0d3,0.7479792630581414,0.809850269179004,0.7395282186948854,0.7566256907635052,0.8875986367217387,12546,2363,2158,6709,0.8242608297043319
lr_06,logistic_regression,3,71466,23949,26001,8472,bf1fe269d30f76b1f9de507830d2e7f579f9130510ef346f7f38f0c1ff4d8e62,0.7331943720687858,0.7862123679485573,0.65637245754805,0.8303824362606232,0.8858555299059929,11794,3683,1437,7035,0.8080088987764182
lr_07,logistic_regression,1,23797,23893,8561,8573,b9526fb1f5404cb5fd294a9b8fdfd818aade4e6dc39eb3e8a381bb79a4896a89,0.6984884645982498,0.8096513623236932,0.8090923053294424,0.6144873439869357,0.8675920995206579,14077,1243,3305,5268,0.8501194517792028
lr_07,logistic_regression,2,47690,23776,17134,8867,86a2d2f9e0eec55f4bc275da566014ebecb728ce115edf3378c1d1227ed8a0d3,0.7132110662107554,0.8059808209959624,0.7946799667497921,0.6468929739483478,0.8872405831723622,13427,1482,3131,5736,0.8044703289784354
lr_07,logistic_regression,3,71466,23949,26001,8472,bf1fe269d30f76b1f9de507830d2e7f579f9130510ef346f7f38f0c1ff4d8e62,0.7322722413588312,0.8117666708422063,0.7369113076739182,0.7276912181303116,0.8855448477478202,13276,2201,2307,6165,0.7920176287661923
lr_08,logistic_regression,1,23797,23893,8561,8573,b9526fb1f5404cb5fd294a9b8fdfd818aade4e6dc39eb3e8a381bb79a4896a89,0.7088991270611057,0.7990206336583937,0.7379780386217342,0.6820249620902834,0.8673180897035717,13244,2076,2726,5847,0.8528988427658472
lr_08,logistic_regression,2,47690,23776,17134,8867,86a2d2f9e0eec55f4bc275da566014ebecb728ce115edf3378c1d1227ed8a0d3,0.748886910062333,0.8102288021534321,0.7392594220415339,0.7587684673508515,0.8868109249646343,12536,2373,2139,6728,0.8248817543356743
lr_08,logistic_regression,3,71466,23949,26001,8472,bf1fe269d30f76b1f9de507830d2e7f579f9130510ef346f7f38f0c1ff4d8e62,0.7335521175183622,0.7864211449329825,0.6565034965034965,0.8310906515580736,0.8858763122139934,11793,3684,1431,7041,0.8080448254109615
rf_01,random_forest,1,23797,23893,8561,8573,b9526fb1f5404cb5fd294a9b8fdfd818aade4e6dc39eb3e8a381bb79a4896a89,0.6027840725153771,0.7945841878374419,0.9844039122389638,0.43438702904467513,0.867580336011505,15261,59,4849,3724,0.7985692242951326
rf_01,random_forest,2,47690,23776,17134,8867,86a2d2f9e0eec55f4bc275da566014ebecb728ce115edf3378c1d1227ed8a0d3,0.44321669736034375,0.7329660161507402,0.9964511041009464,0.28498928611706326,0.874291115962534,14900,9,6340,2527,0.7097211245342667
rf_01,random_forest,3,71466,23949,26001,8472,bf1fe269d30f76b1f9de507830d2e7f579f9130510ef346f7f38f0c1ff4d8e62,0.4451985692011373,0.7474216042423483,0.9983545865898807,0.2864730878186969,0.8770822309176924,15473,4,6045,2427,0.6301182294546699
rf_02,random_forest,1,23797,23893,8561,8573,b9526fb1f5404cb5fd294a9b8fdfd818aade4e6dc39eb3e8a381bb79a4896a89,0.6022966197638687,0.7941656552128238,0.9818085947798576,0.43438702904467513,0.8680082879061379,15251,69,4849,3724,0.7977858744394619
rf_02,random_forest,2,47690,23776,17134,8867,86a2d2f9e0eec55f4bc275da566014ebecb728ce115edf3378c1d1227ed8a0d3,0.44407462555837784,0.733050134589502,0.9941176470588236,0.28589150783805123,0.8786470634907673,14894,15,6332,2535,0.709432258549983
rf_02,random_forest,3,71466,23949,26001,8472,bf1fe269d30f76b1f9de507830d2e7f579f9130510ef346f7f38f0c1ff4d8e62,0.445300320953691,0.7474216042423483,0.9979449239621866,0.2865911237016053,0.8675941997577445,15472,5,6044,2428,0.6297310101594988
rf_03,random_forest,1,23797,23893,8561,8573,b9526fb1f5404cb5fd294a9b8fdfd818aade4e6dc39eb3e8a381bb79a4896a89,0.6383212826155297,0.8073912861507555,0.9783184774753072,0.4736964889770209,0.8953850954130995,15230,90,4512,4061,0.8927820602662929
rf_03,random_forest,2,47690,23776,17134,8867,86a2d2f9e0eec55f4bc275da566014ebecb728ce115edf3378c1d1227ed8a0d3,0.508311170212766,0.7511776581426649,0.9661927330173775,0.3448742528476373,0.8952061437674337,14802,107,5809,3058,0.8380990602320992
rf_03,random_forest,3,71466,23949,26001,8472,bf1fe269d30f76b1f9de507830d2e7f579f9130510ef346f7f38f0c1ff4d8e62,0.5790019960079841,0.7798237922251451,0.8946459412780656,0.42799811142587346,0.8906641288913708,15050,427,4846,3626,0.8137056284682462
rf_04,random_forest,1,23797,23893,8561,8573,b9526fb1f5404cb5fd294a9b8fdfd818aade4e6dc39eb3e8a381bb79a4896a89,0.6078273473989371,0.7961746118109907,0.9815344603381014,0.4402192931295929,0.8808381153838072,15249,71,4799,3774,0.8305326892985917
rf_04,random_forest,2,47690,23776,17134,8867,86a2d2f9e0eec55f4bc275da566014ebecb728ce115edf3378c1d1227ed8a0d3,0.5059657905715478,0.7509673620457604,0.9724182168056447,0.34194203225442654,0.8948951710751856,14823,86,5835,3032,0.780506740066342
rf_04,random_forest,3,71466,23949,26001,8472,bf1fe269d30f76b1f9de507830d2e7f579f9130510ef346f7f38f0c1ff4d8e62,0.5630957230142566,0.7760658065054908,0.9087562450696818,0.40793201133144474,0.8881727839409334,15130,347,5016,3456,0.7734531848877533
rf_05,random_forest,1,23797,23893,8561,8573,b9526fb1f5404cb5fd294a9b8fdfd818aade4e6dc39eb3e8a381bb79a4896a89,0.6672164330159682,0.8142133679320303,0.9336970205623164,0.5190715035576811,0.8976430457940848,15004,316,4123,4450,0.9874393877431793
rf_05,random_forest,2,47690,23776,17134,8867,86a2d2f9e0eec55f4bc275da566014ebecb728ce115edf3378c1d1227ed8a0d3,0.6383782605536583,0.790671265141319,0.8972630718954249,0.4954325025374986,0.8938502241594193,14406,503,4474,4393,0.9905290850628471
rf_05,random_forest,3,71466,23949,26001,8472,bf1fe269d30f76b1f9de507830d2e7f579f9130510ef346f7f38f0c1ff4d8e62,0.6683859875349237,0.8067142678191156,0.850191361399672,0.5506373937677054,0.8853078341049251,14655,822,3807,4665,0.9926379895158803
rf_06,random_forest,1,23797,23893,8561,8573,b9526fb1f5404cb5fd294a9b8fdfd818aade4e6dc39eb3e8a381bb79a4896a89,0.6283136820447891,0.8034152262168837,0.9768700787401575,0.46308176834247056,0.8850098783021199,15226,94,4603,3970,0.8622042097006145
rf_06,random_forest,2,47690,23776,17134,8867,86a2d2f9e0eec55f4bc275da566014ebecb728ce115edf3378c1d1227ed8a0d3,0.5262295081967213,0.7568977119784657,0.963096309630963,0.36201646554640804,0.8907357014041267,14786,123,5657,3210,0.8364588165131536
rf_06,random_forest,3,71466,23949,26001,8472,bf1fe269d30f76b1f9de507830d2e7f579f9130510ef346f7f38f0c1ff4d8e62,0.6130321192561856,0.7897198212869013,0.8782474680757376,0.47084513692162416,0.8917812179857125,14924,553,4483,3989,0.8173024671231388
rf_07,random_forest,1,23797,23893,8561,8573,b9526fb1f5404cb5fd294a9b8fdfd818aade4e6dc39eb3e8a381bb79a4896a89,0.6037186742118027,0.7948353074122128,0.9834079536476166,0.4355534818616587,0.8672584536612152,15257,63,4839,3734,0.8035202905636656
rf_07,random_forest,2,47690,23776,17134,8867,86a2d2f9e0eec55f4bc275da566014ebecb728ce115edf3378c1d1227ed8a0d3,0.5065516399446569,0.7449949528936743,0.9099415204678363,0.3509642494643059,0.8730598577500012,14601,308,5755,3112,0.7579342589968829
rf_07,random_forest,3,71466,23949,26001,8472,bf1fe269d30f76b1f9de507830d2e7f579f9130510ef346f7f38f0c1ff4d8e62,0.6087962962962963,0.7883001377928097,0.8790106951871658,0.4656515580736544,0.8733126443741217,14934,543,4527,3945,0.7684627610754181
rf_08,random_forest,1,23797,23893,8561,8573,b9526fb1f5404cb5fd294a9b8fdfd818aade4e6dc39eb3e8a381bb79a4896a89,0.6036246476037052,0.7940400954254384,0.9752732951587715,0.4370698705237373,0.8649735538040829,15225,95,4826,3747,0.7994689770821688
rf_08,random_forest,2,47690,23776,17134,8867,86a2d2f9e0eec55f4bc275da566014ebecb728ce115edf3378c1d1227ed8a0d3,0.5297907883223292,0.7513879542395693,0.8990280777537797,0.375549791361227,0.8728936526418991,14535,374,5537,3330,0.7752265025243793
rf_08,random_forest,3,71466,23949,26001,8472,bf1fe269d30f76b1f9de507830d2e7f579f9130510ef346f7f38f0c1ff4d8e62,0.6052672347017816,0.7872144974737985,0.8803515096890491,0.461166194523135,0.8704346951091275,14946,531,4565,3907,0.7593776111650595
rf_09,random_forest,1,23797,23893,8561,8573,b9526fb1f5404cb5fd294a9b8fdfd818aade4e6dc39eb3e8a381bb79a4896a89,0.6671152983400628,0.8136692755200268,0.9291814205373881,0.520354601656363,0.8987987858231212,14980,340,4112,4461,0.9156931229676021
rf_09,random_forest,2,47690,23776,17134,8867,86a2d2f9e0eec55f4bc275da566014ebecb728ce115edf3378c1d1227ed8a0d3,0.6327430430068667,0.7862971063257066,0.8810386473429952,0.4936280590955227,0.8929699883817546,14318,591,4490,4377,0.8944638764925823
rf_09,random_forest,3,71466,23949,26001,8472,bf1fe269d30f76b1f9de507830d2e7f579f9130510ef346f7f38f0c1ff4d8e62,0.6888230021374888,0.8115578938577811,0.8282208588957055,0.5895892351274787,0.8920896693823843,14441,1036,3477,4995,0.8664048326322296
rf_10,random_forest,1,23797,23893,8561,8573,b9526fb1f5404cb5fd294a9b8fdfd818aade4e6dc39eb3e8a381bb79a4896a89,0.6666666666666666,0.8132925961578705,0.9274428274428275,0.520354601656363,0.8785202320175156,14971,349,4112,4461,0.8859934853420195
rf_10,random_forest,2,47690,23776,17134,8867,86a2d2f9e0eec55f4bc275da566014ebecb728ce115edf3378c1d1227ed8a0d3,0.6113473097786248,0.7770020188425303,0.8732984293193717,0.47028307206495995,0.8893029955202911,14304,605,4697,4170,0.8682548882042522
rf_10,random_forest,3,71466,23949,26001,8472,bf1fe269d30f76b1f9de507830d2e7f579f9130510ef346f7f38f0c1ff4d8e62,0.6849958552086212,0.8095953902041839,0.8257828114590273,0.5852219074598678,0.8876123365732684,14431,1046,3514,4958,0.844560635538262
rf_11,random_forest,1,23797,23893,8561,8573,b9526fb1f5404cb5fd294a9b8fdfd818aade4e6dc39eb3e8a381bb79a4896a89,0.6645545749415404,0.8138785418323359,0.9404355251921435,0.5138224658812551,0.9019986735025471,15041,279,4168,4405,0.987300477688454
rf_11,random_forest,2,47690,23776,17134,8867,86a2d2f9e0eec55f4bc275da566014ebecb728ce115edf3378c1d1227ed8a0d3,0.6272512547977561,0.7876009421265141,0.9077120273445844,0.4791925115597158,0.8955872082370199,14477,432,4618,4249,0.9902935261025446
rf_11,random_forest,3,71466,23949,26001,8472,bf1fe269d30f76b1f9de507830d2e7f579f9130510ef346f7f38f0c1ff4d8e62,0.6605054151624549,0.8036661238465072,0.850502045370026,0.5398961284230406,0.884679487695745,14673,804,3898,4574,0.9924687800192123
rf_12,random_forest,1,23797,23893,8561,8573,b9526fb1f5404cb5fd294a9b8fdfd818aade4e6dc39eb3e8a381bb79a4896a89,0.6690061972672291,0.8144644875068011,0.9294605809128631,0.5225708620086318,0.8854646235875032,14980,340,4093,4480,0.8897296637578569
rf_12,random_forest,2,47690,23776,17134,8867,86a2d2f9e0eec55f4bc275da566014ebecb728ce115edf3378c1d1227ed8a0d3,0.6484457976350634,0.7911759757738897,0.8711948249619482,0.516409157550468,0.8936786483237207,14232,677,4288,4579,0.8730848111955604
rf_12,random_forest,3,71466,23949,26001,8472,bf1fe269d30f76b1f9de507830d2e7f579f9130510ef346f7f38f0c1ff4d8e62,0.6904286795568706,0.8121424694141718,0.8277511961722488,0.5921860245514636,0.8899603636771198,14433,1044,3455,5017,0.8541181620997751
